"","Individual","tribs"
"1","1","Pelly.ab.Macm"
"2","1","Pelly"
"3","1","Upper.Yukon.Canada"
"4","1","Miner"
"5","1","Porcupine.Canada"
"6","1","Fishing.Branch"
"7","2","McQuesten"
"8","3","Macmillan"
"9","3","Klondike"
"10","4","Teslin"
"11","4","Swift"
"12","4","Nisutlin"
"13","4","Big.Salmon"
"14","4","White"
"15","4","Upper.Yukon.Canada"
"16","4","Fishing.Branch"
"17","4","Porcupine.Canada"
"18","5","Stewart"
"19","5","Fortymile"
"20","5","Klondike"
"21","5","McQuesten"
"22","6","Teslin"
"23","6","Nisutlin"
"24","6","Nisling"
"25","6","White"
"26","6","Upper.Yukon.Canada"
"27","6","Fishing.Branch"
"28","6","Whitestone"
"29","6","Porcupine.Canada"
"30","7","SMS.Yukon.Canada.Tahkini"
"31","7","Kluane.Donjek.Tincup"
"32","7","Nisling"
"33","7","Upper.Yukon.Canada"
"34","7","Fortymile"
"35","8","Swift"
"36","8","Nisutlin"
"37","8","Big.Salmon"
"38","8","Upper.Yukon.Canada"
"39","8","Fortymile"
"40","8","Miner"
"41","8","Fishing.Branch"
"42","8","Porcupine.Canada"
"43","9","Teslin"
"44","9","Big.Salmon"
"45","9","White"
"46","9","Upper.Yukon.Canada"
"47","9","Fishing.Branch"
"48","9","Porcupine.Canada"
"49","10","Stewart"
"50","10","Fortymile"
"51","10","Klondike"
"52","10","McQuesten"
"53","11","Teslin"
"54","11","Nisutlin"
"55","11","Nisling"
"56","11","White"
"57","11","Upper.Yukon.Canada"
"58","11","Fishing.Branch"
"59","11","Whitestone"
"60","11","Porcupine.Canada"
"61","12","Teslin"
"62","12","Swift"
"63","12","Nisutlin"
"64","12","Big.Salmon"
"65","12","White"
"66","12","Upper.Yukon.Canada"
"67","12","Fortymile"
"68","12","Fishing.Branch"
"69","12","Porcupine.Canada"
"70","13","Andreafsky"
"71","13","Anvik"
"72","13","Innoko"
"73","13","Nenana"
"74","13","Kantishna"
"75","13","Nowitna"
"76","13","Koyokuk.mouth"
"77","13","Hogatza"
"78","13","Henshaw"
"79","14","Stewart"
"80","14","Fortymile"
"81","14","Klondike"
"82","15","Innoko"
"83","15","Nenana"
"84","15","Kantishna"
"85","15","Nowitna"
"86","15","Tanana.mouth"
"87","15","Henshaw"
"88","16","Tanana.mouth"
"89","16","Upper.Yukon.Canada"
"90","16",NA
"91","16","Black.Salmon.Fork"
"92","16","Alatna"
"93","16","Chandlar.Teedriinjik"
"94","16","John"
"95","16","North.Fork.Koyokuk"
"96","17","Kantishna"
"97","17","Tanana.mouth"
"98","17","Nowitna"
"99","17","Black.Salmon.Fork"
"100","17","Sheenjek"
"101","17","Colleen"
"102","18","SMS.Yukon.Canada.Tahkini"
"103","18","Kluane.Donjek.Tincup"
"104","18","Nisling"
"105","18","Upper.Yukon.Canada"
"106","18","Fortymile"
"107","19","SMS.Yukon.Canada.Tahkini"
"108","19","White"
"109","19","Andreafsky"
"110","19","Anvik"
"111","19","Nordenskiold"
"112","19","Kantishna"
"113","19","Nowitna"
"114","19","Koyokuk.mouth"
"115","19","Hogatza"
"116","20","Swift"
"117","20","Nisutlin"
"118","20","Big.Salmon"
"119","20","Pelly.ab.Macm"
"120","20","Upper.Yukon.Canada"
"121","20",NA
"122","20","Tanana.mouth"
"123","20","Fortymile"
"124","20","Miner"
"125","20","Koyokuk.mouth"
"126","20","Alatna"
"127","20","Black.Salmon.Fork"
"128","20","John"
"129","20","Fishing.Branch"
"130","20","North.Fork.Koyokuk"
"131","20","Chandlar.Teedriinjik"
"132","20","Middle.Fork.Koyokuk"
"133","21","Stewart"
"134","21","Fortymile"
"135","21","Klondike"
"136","21","McQuesten"
"137","21","Chena"
"138","22","Big.Salmon"
"139","22","Nisutlin"
"140","22","Pelly.ab.Macm"
"141","22","Pelly"
"142","22","Upper.Yukon.Canada"
"143","22",NA
"144","22","Tanana.mouth"
"145","22","Fortymile"
"146","22","Miner"
"147","22","Koyokuk.mouth"
"148","22","Black.Salmon.Fork"
"149","22","Alatna"
"150","22","Porcupine.Canada"
"151","22","Chandlar.Teedriinjik"
"152","22","John"
"153","22","Fishing.Branch"
"154","22","North.Fork.Koyokuk"
"155","22","Middle.Fork.Koyokuk"
"156","23","Nisutlin"
"157","23","Teslin"
"158","23","Nisling"
"159","23","Upper.Yukon.Canada"
"160","23","White"
"161","23","Kantishna"
"162","23","Tanana.mouth"
"163","23","Nowitna"
"164","23","Koyokuk.mouth"
"165","23",NA
"166","23","Black.Salmon.Fork"
"167","23","South.Fork.Koyokuk"
"168","23","Sheenjek"
"169","23","Colleen"
"170","23","Porcupine.Canada"
"171","24","Nisutlin"
"172","24","Teslin"
"173","24","Nisling"
"174","24","Upper.Yukon.Canada"
"175","24","White"
"176","24","Kantishna"
"177","24","Innoko"
"178","24","Nowitna"
"179","24","Koyokuk.mouth"
"180","24",NA
"181","24","Black.Salmon.Fork"
"182","24","South.Fork.Koyokuk"
"183","24","Sheenjek"
"184","24","Whitestone"
"185","24","Chandlar.Teedriinjik"
"186","24","Porcupine.Canada"
"187","24","Colleen"
"188","25","Macmillan"
"189","25","Tanana.mouth"
"190","25","Klondike"
"191","25","Salcha"
"192","25","Charly"
"193","26","Pelly.ab.Macm"
"194","26","Pelly"
"195","26","Upper.Yukon.Canada"
"196","26","Tanana.mouth"
"197","26",NA
"198","26","Nation"
"199","26","Miner"
"200","26","Black.Salmon.Fork"
"201","26","Alatna"
"202","26","Porcupine.Canada"
"203","26","Chandlar.Teedriinjik"
"204","26","John"
"205","26","Fishing.Branch"
"206","26","North.Fork.Koyokuk"
"207","27","Stewart"
"208","27","Kantishna"
"209","27","Fortymile"
"210","27","Goodpaster"
"211","27","Salcha"
"212","27","Klondike"
"213","27","Chena"
"214","28","Stewart"
"215","28","Kantishna"
"216","28","Macmillan"
"217","28","Fortymile"
"218","28","Salcha"
"219","28","Klondike"
"220","29","Pelly.ab.Macm"
"221","29","Pelly"
"222","29","Upper.Yukon.Canada"
"223","29","Tanana.mouth"
"224","29","Nation"
"225","29","Miner"
"226","29",NA
"227","29","Black.Salmon.Fork"
"228","29","Alatna"
"229","29","Porcupine.Canada"
"230","29","Chandlar.Teedriinjik"
"231","29","John"
"232","30","Nisutlin"
"233","30","Big.Salmon"
"234","30","Pelly.ab.Macm"
"235","30","Pelly"
"236","30","Upper.Yukon.Canada"
"237","30","Tanana.mouth"
"238","30","Fortymile"
"239","30",NA
"240","30","Miner"
"241","30","Black.Salmon.Fork"
"242","30","Alatna"
"243","30","Porcupine.Canada"
"244","30","Chandlar.Teedriinjik"
"245","30","John"
"246","30","Fishing.Branch"
"247","30","North.Fork.Koyokuk"
"248","31","Pelly.ab.Macm"
"249","31","Macmillan"
"250","31","Tanana.mouth"
"251","31","Pelly"
"252","31","Salcha"
"253","31","Charly"
"254","32","SMS.Yukon.Canada.Tahkini"
"255","32","Kantishna"
"256","33","Stewart"
"257","33","Kantishna"
"258","33","Macmillan"
"259","33","Fortymile"
"260","33","Salcha"
"261","33","Klondike"
"262","34","Teslin"
"263","34","Nisutlin"
"264","34","Nisling"
"265","34","White"
"266","34","Upper.Yukon.Canada"
"267","34","Innoko"
"268","34","Nenana"
"269","34","Kantishna"
"270","34","Nowitna"
"271","34","Koyokuk.mouth"
"272","34",NA
"273","34","Black.Salmon.Fork"
"274","34","Kanuti"
"275","34","South.Fork.Koyokuk"
"276","34","Fishing.Branch"
"277","34","Whitestone"
"278","34","Chandlar.Teedriinjik"
"279","34","Porcupine.mouth"
"280","34","Sheenjek"
"281","34","Porcupine.Canada"
"282","35","Teslin"
"283","35","Nisutlin"
"284","35","Nisling"
"285","35","White"
"286","35","Upper.Yukon.Canada"
"287","35","Innoko"
"288","35","Nenana"
"289","35","Kantishna"
"290","35","Nowitna"
"291","35","Koyokuk.mouth"
"292","35",NA
"293","35","Black.Salmon.Fork"
"294","35","Kanuti"
"295","35","South.Fork.Koyokuk"
"296","35","Fishing.Branch"
"297","35","Whitestone"
"298","35","Chandlar.Teedriinjik"
"299","35","Sheenjek"
"300","35","Porcupine.mouth"
"301","35","Porcupine.Canada"
"302","36","Macmillan"
"303","36","Kantishna"
"304","36","Klondike"
"305","36","Salcha"
"306","36","Stewart"
"307","36","Charly"
"308","37","Stewart"
"309","37","Kantishna"
"310","37","Fortymile"
"311","37","Goodpaster"
"312","37","Salcha"
"313","37","Klondike"
"314","38","Swift"
"315","38",NA
"316","38","Nisutlin"
"317","38","Big.Salmon"
"318","38","Tanana.mouth"
"319","38","Upper.Yukon.Canada"
"320","38","Fortymile"
"321","38","Tozitna"
"322","38","Koyokuk.mouth"
"323","38","Black.Salmon.Fork"
"324","38","Alatna"
"325","38","Porcupine.mouth"
"326","38","Chandlar.Teedriinjik"
"327","38","Fishing.Branch"
"328","38","Middle.Fork.Koyokuk"
"329","38","Porcupine.Canada"
"330","39","Pelly.ab.Macm"
"331","39","Pelly"
"332","39","Macmillan"
"333","39","Tanana.mouth"
"334","39","Charly"
"335","39","Black.Salmon.Fork"
"336","40","McQuesten"
"337","40","Chena"
"338","41","SMS.Yukon.Canada.Tahkini"
"339","41","Nisutlin"
"340","41","Teslin"
"341","41","Nisling"
"342","41","Upper.Yukon.Canada"
"343","41","White"
"344","41","Kantishna"
"345","41","Tanana.mouth"
"346","41","Nowitna"
"347","41","Fortymile"
"348","41",NA
"349","41","Black.Salmon.Fork"
"350","41","South.Fork.Koyokuk"
"351","41","Sheenjek"
"352","41","Colleen"
"353","41","Porcupine.Canada"
"354","42","Teslin"
"355","42","Nisutlin"
"356","42","Nisling"
"357","42","White"
"358","42","Upper.Yukon.Canada"
"359","42","Innoko"
"360","42","Nenana"
"361","42","Kantishna"
"362","42","Koyokuk.mouth"
"363","42",NA
"364","42","Kanuti"
"365","42","South.Fork.Koyokuk"
"366","42","Fishing.Branch"
"367","42","Whitestone"
"368","42","Chandlar.Teedriinjik"
"369","42","Porcupine.mouth"
"370","42","Porcupine.Canada"
"371","42","Sheenjek"
"372","43","Andreafsky"
"373","43","Anvik"
"374","43","Kantishna"
"375","43","Nowitna"
"376","43","Koyokuk.mouth"
"377","43","Hogatza"
"378","44","Innoko"
"379","44","Nenana"
"380","44","Kantishna"
"381","44","Koyokuk.mouth"
"382","44",NA
"383","44","Kanuti"
"384","44","South.Fork.Koyokuk"
"385","44","Porcupine.mouth"
"386","44","Chandlar.Teedriinjik"
"387","44","Porcupine.Canada"
"388","44","Sheenjek"
"389","45","Swift"
"390","45","Nisutlin"
"391","45","Big.Salmon"
"392","45","Upper.Yukon.Canada"
"393","45","Fortymile"
"394","45","Miner"
"395","45","Fishing.Branch"
"396","45","Porcupine.Canada"
"397","46","Kantishna"
"398","46","Tanana.mouth"
"399","46","Nowitna"
"400","46",NA
"401","46","Black.Salmon.Fork"
"402","46","South.Fork.Koyokuk"
"403","46","Sheenjek"
"404","46","Colleen"
"405","46","Porcupine.Canada"
"406","47","Pelly.ab.Macm"
"407","47","Macmillan"
"408","47","Tanana.mouth"
"409","47","Pelly"
"410","47","Salcha"
"411","47","Charly"
"412","48","Stewart"
"413","48","Kantishna"
"414","48","Macmillan"
"415","48","Salcha"
"416","48","Klondike"
"417","49","Stewart"
"418","49","Kantishna"
"419","49","Macmillan"
"420","49","Klondike"
"421","49","Salcha"
"422","50","Big.Salmon"
"423","50","Pelly.ab.Macm"
"424","50","Pelly"
"425","50","Upper.Yukon.Canada"
"426","50","Tanana.mouth"
"427","50","Fortymile"
"428","50",NA
"429","50","Miner"
"430","50","Black.Salmon.Fork"
"431","50","Alatna"
"432","50","Porcupine.Canada"
"433","50","Chandlar.Teedriinjik"
"434","50","John"
"435","50","Fishing.Branch"
"436","50","North.Fork.Koyokuk"
"437","51","SMS.Yukon.Canada.Tahkini"
"438","51","White"
"439","51","Andreafsky"
"440","51","Kluane.Donjek.Tincup"
"441","51","Anvik"
"442","51","Innoko"
"443","51","Kantishna"
"444","51","Nowitna"
"445","51","Koyokuk.mouth"
"446","51","Hogatza"
"447","52","SMS.Yukon.Canada.Tahkini"
"448","52","White"
"449","52","Andreafsky"
"450","52","Anvik"
"451","52","Nordenskiold"
"452","52","Kantishna"
"453","52","Nowitna"
"454","52","Koyokuk.mouth"
"455","52","Hogatza"
"456","53","Teslin"
"457","53",NA
"458","53","Big.Salmon"
"459","53","Kantishna"
"460","53","White"
"461","53","Upper.Yukon.Canada"
"462","53","Nenana"
"463","53","Koyokuk.mouth"
"464","53","Kandik"
"465","53","Kanuti"
"466","53","South.Fork.Koyokuk"
"467","53","Fishing.Branch"
"468","53","Porcupine.mouth"
"469","53","Middle.Fork.Koyokuk"
"470","53","Chandlar.Teedriinjik"
"471","53","Porcupine.Canada"
"472","54","Teslin"
"473","54","Nisutlin"
"474","54","Nisling"
"475","54","White"
"476","54","Upper.Yukon.Canada"
"477","54","Innoko"
"478","54","Nenana"
"479","54","Kantishna"
"480","54","Koyokuk.mouth"
"481","54",NA
"482","54","Kanuti"
"483","54","Black.Salmon.Fork"
"484","54","South.Fork.Koyokuk"
"485","54","Fishing.Branch"
"486","54","Whitestone"
"487","54","Chandlar.Teedriinjik"
"488","54","Porcupine.mouth"
"489","54","Porcupine.Canada"
"490","54","Sheenjek"
"491","55","Nisutlin"
"492","55","Big.Salmon"
"493","55","Pelly.ab.Macm"
"494","55","Pelly"
"495","55","Upper.Yukon.Canada"
"496","55","Tanana.mouth"
"497","55","Fortymile"
"498","55",NA
"499","55","Miner"
"500","55","Koyokuk.mouth"
"501","55","Black.Salmon.Fork"
"502","55","Alatna"
"503","55","Porcupine.Canada"
"504","55","Chandlar.Teedriinjik"
"505","55","John"
"506","55","Fishing.Branch"
"507","55","North.Fork.Koyokuk"
"508","56","Stewart"
"509","56","Kantishna"
"510","56","Macmillan"
"511","56","Fortymile"
"512","56","Salcha"
"513","56","Klondike"
"514","57","Swift"
"515","57","Big.Salmon"
"516","57","Nisutlin"
"517","57","Pelly.ab.Macm"
"518","57","Upper.Yukon.Canada"
"519","57",NA
"520","57","Tanana.mouth"
"521","57","Fortymile"
"522","57","Miner"
"523","57","Koyokuk.mouth"
"524","57","Alatna"
"525","57","Black.Salmon.Fork"
"526","57","John"
"527","57","Fishing.Branch"
"528","57","North.Fork.Koyokuk"
"529","57","Chandlar.Teedriinjik"
"530","57","Middle.Fork.Koyokuk"
"531","58","McQuesten"
"532","58","Chena"
"533","59","Swift"
"534","59","Teslin"
"535","59",NA
"536","59","Nisutlin"
"537","59","Big.Salmon"
"538","59","White"
"539","59","Tanana.mouth"
"540","59","Upper.Yukon.Canada"
"541","59","Fortymile"
"542","59","Tozitna"
"543","59","Koyokuk.mouth"
"544","59","Kandik"
"545","59","Black.Salmon.Fork"
"546","59","Porcupine.mouth"
"547","59","Chandlar.Teedriinjik"
"548","59","Fishing.Branch"
"549","59","Middle.Fork.Koyokuk"
"550","59","Porcupine.Canada"
"551","60","Macmillan"
"552","60","Kantishna"
"553","60","Klondike"
"554","60","Salcha"
"555","60","Stewart"
"556","60","Charly"
"557","61","Macmillan"
"558","61","Tanana.mouth"
"559","61","Klondike"
"560","61","Salcha"
"561","61","Charly"
"562","62","Teslin"
"563","62","Nisutlin"
"564","62","Nisling"
"565","62","White"
"566","62","Upper.Yukon.Canada"
"567","62","Innoko"
"568","62","Nenana"
"569","62","Kantishna"
"570","62","Koyokuk.mouth"
"571","62",NA
"572","62","Kanuti"
"573","62","South.Fork.Koyokuk"
"574","62","Fishing.Branch"
"575","62","Porcupine.mouth"
"576","62","Whitestone"
"577","62","Chandlar.Teedriinjik"
"578","62","Porcupine.Canada"
"579","62","Sheenjek"
"580","63","SMS.Yukon.Canada.Tahkini"
"581","63","Kluane.Donjek.Tincup"
"582","63","Innoko"
"583","63","Andreafsky"
"584","63","Upper.Yukon.Canada"
"585","63","Nenana"
"586","63","Kantishna"
"587","63","Nowitna"
"588","63","Tanana.mouth"
"589","63","Hogatza"
"590","63","Henshaw"
"591","64","SMS.Yukon.Canada.Tahkini"
"592","64","Kluane.Donjek.Tincup"
"593","64","Innoko"
"594","64","Nisling"
"595","64","Upper.Yukon.Canada"
"596","64","Kantishna"
"597","64","Tanana.mouth"
"598","64","Nowitna"
"599","64","Fortymile"
"600","64","Colleen"
"601","65","Teslin"
"602","65","Swift"
"603","65",NA
"604","65","Nisutlin"
"605","65","Big.Salmon"
"606","65","Kantishna"
"607","65","White"
"608","65","Tanana.mouth"
"609","65","Nenana"
"610","65","Upper.Yukon.Canada"
"611","65","Fortymile"
"612","65","Tozitna"
"613","65","Koyokuk.mouth"
"614","65","Kandik"
"615","65","Kanuti"
"616","65","Black.Salmon.Fork"
"617","65","Porcupine.mouth"
"618","65","Fishing.Branch"
"619","65","Chandlar.Teedriinjik"
"620","65","Middle.Fork.Koyokuk"
"621","65","Porcupine.Canada"
"622","66","SMS.Yukon.Canada.Tahkini"
"623","66","White"
"624","66","Andreafsky"
"625","66","Anvik"
"626","66","Nordenskiold"
"627","66","Kantishna"
"628","66","Nowitna"
"629","66","Koyokuk.mouth"
"630","66","Hogatza"
"631","67","Stewart"
"632","67","Kantishna"
"633","67","Macmillan"
"634","67","Fortymile"
"635","67","Salcha"
"636","67","Klondike"
"637","68","Swift"
"638","68","Big.Salmon"
"639","68","Nisutlin"
"640","68","Pelly.ab.Macm"
"641","68","Pelly"
"642","68","Upper.Yukon.Canada"
"643","68",NA
"644","68","Tanana.mouth"
"645","68","Fortymile"
"646","68","Miner"
"647","68","Koyokuk.mouth"
"648","68","Alatna"
"649","68","Black.Salmon.Fork"
"650","68","John"
"651","68","Fishing.Branch"
"652","68","North.Fork.Koyokuk"
"653","68","Chandlar.Teedriinjik"
"654","68","Middle.Fork.Koyokuk"
"655","69","SMS.Yukon.Canada.Tahkini"
"656","69","Andreafsky"
"657","69","White"
"658","69","Nordenskiold"
"659","69","Anvik"
"660","69","Nowitna"
"661","69","Kantishna"
"662","69","Koyokuk.mouth"
"663","70","Macmillan"
"664","70","Kantishna"
"665","70","Klondike"
"666","70","Tanana.mouth"
"667","70","Salcha"
"668","70","Charly"
"669","71","Pelly.ab.Macm"
"670","71","Macmillan"
"671","71","Tanana.mouth"
"672","71","Pelly"
"673","71","Salcha"
"674","71","Charly"
"675","72","SMS.Yukon.Canada.Tahkini"
"676","72","White"
"677","72","Nordenskiold"
"678","73","Stewart"
"679","73","Fortymile"
"680","73","Klondike"
"681","73","McQuesten"
"682","74","Innoko"
"683","74","Nenana"
"684","74","Kantishna"
"685","74","Nowitna"
"686","74","Tanana.mouth"
"687","74","Henshaw"
"688","75","Teslin"
"689","75",NA
"690","75","Big.Salmon"
"691","75","Kantishna"
"692","75","White"
"693","75","Upper.Yukon.Canada"
"694","75","Nenana"
"695","75","Koyokuk.mouth"
"696","75","Kandik"
"697","75","Kanuti"
"698","75","South.Fork.Koyokuk"
"699","75","Fishing.Branch"
"700","75","Porcupine.mouth"
"701","75","Middle.Fork.Koyokuk"
"702","75","Chandlar.Teedriinjik"
"703","75","Porcupine.Canada"
"704","76","SMS.Yukon.Canada.Tahkini"
"705","76","White"
"706","76","Andreafsky"
"707","76","Kluane.Donjek.Tincup"
"708","76","Anvik"
"709","76","Nordenskiold"
"710","76","Innoko"
"711","76","Kantishna"
"712","76","Nowitna"
"713","76","Koyokuk.mouth"
"714","76","Hogatza"
"715","77","Teslin"
"716","77","Big.Salmon"
"717","77","White"
"718","77","Kantishna"
"719","77","Upper.Yukon.Canada"
"720","77","Nenana"
"721","77",NA
"722","77","Koyokuk.mouth"
"723","77","Kandik"
"724","77","Kanuti"
"725","77","South.Fork.Koyokuk"
"726","77","Fishing.Branch"
"727","77","Porcupine.mouth"
"728","77","Chandlar.Teedriinjik"
"729","77","Porcupine.Canada"
"730","77","Sheenjek"
"731","78","Swift"
"732","78",NA
"733","78","Nisutlin"
"734","78","Big.Salmon"
"735","78","Tanana.mouth"
"736","78","Upper.Yukon.Canada"
"737","78","Fortymile"
"738","78","Tozitna"
"739","78","Koyokuk.mouth"
"740","78","Black.Salmon.Fork"
"741","78","Alatna"
"742","78","Chandlar.Teedriinjik"
"743","78","Fishing.Branch"
"744","78","Middle.Fork.Koyokuk"
"745","78","Porcupine.Canada"
"746","79","SMS.Yukon.Canada.Tahkini"
"747","79","Kluane.Donjek.Tincup"
"748","79","Innoko"
"749","79","Nisling"
"750","79","Upper.Yukon.Canada"
"751","79","Nenana"
"752","79","Kantishna"
"753","79","Nowitna"
"754","79","Fortymile"
"755","79","Tanana.mouth"
"756","79","Henshaw"
"757","79","Colleen"
"758","80","Stewart"
"759","80","Kantishna"
"760","80","Macmillan"
"761","80","Klondike"
"762","80","Salcha"
"763","81","Pelly.ab.Macm"
"764","81","Pelly"
"765","81","Upper.Yukon.Canada"
"766","81","Tanana.mouth"
"767","81","Fortymile"
"768","81",NA
"769","81","Nation"
"770","81","Miner"
"771","81","Black.Salmon.Fork"
"772","81","Alatna"
"773","81","Porcupine.Canada"
"774","81","Chandlar.Teedriinjik"
"775","81","John"
"776","81","Fishing.Branch"
"777","81","North.Fork.Koyokuk"
"778","82","Teslin"
"779","82","Nisutlin"
"780","82","Nisling"
"781","82","White"
"782","82","Upper.Yukon.Canada"
"783","82","Kantishna"
"784","82","Innoko"
"785","82","Nowitna"
"786","82","Koyokuk.mouth"
"787","82",NA
"788","82","Black.Salmon.Fork"
"789","82","Kanuti"
"790","82","South.Fork.Koyokuk"
"791","82","Fishing.Branch"
"792","82","Whitestone"
"793","82","Chandlar.Teedriinjik"
"794","82","Sheenjek"
"795","82","Porcupine.Canada"
"796","83","SMS.Yukon.Canada.Tahkini"
"797","83","White"
"798","83","Andreafsky"
"799","83","Anvik"
"800","83","Nordenskiold"
"801","83","Nowitna"
"802","83","Kantishna"
"803","83","Koyokuk.mouth"
"804","84","Pelly.ab.Macm"
"805","84","Pelly"
"806","84","Macmillan"
"807","84","Tanana.mouth"
"808","84","Charly"
"809","84","Black.Salmon.Fork"
"810","85","SMS.Yukon.Canada.Tahkini"
"811","85","Kluane.Donjek.Tincup"
"812","85","White"
"813","85","Andreafsky"
"814","85","Anvik"
"815","85","Nenana"
"816","85","Innoko"
"817","85","Kantishna"
"818","85","Nowitna"
"819","85","Koyokuk.mouth"
"820","85","Hogatza"
"821","85","Henshaw"
"822","86","Teslin"
"823","86","Nisutlin"
"824","86","Nisling"
"825","86","White"
"826","86","Upper.Yukon.Canada"
"827","86","Innoko"
"828","86","Kantishna"
"829","86","Nowitna"
"830","86","Koyokuk.mouth"
"831","86",NA
"832","86","Black.Salmon.Fork"
"833","86","Kanuti"
"834","86","South.Fork.Koyokuk"
"835","86","Fishing.Branch"
"836","86","Whitestone"
"837","86","Chandlar.Teedriinjik"
"838","86","Sheenjek"
"839","86","Porcupine.Canada"
"840","87","SMS.Yukon.Canada.Tahkini"
"841","87","Nisutlin"
"842","87","Teslin"
"843","87","Nisling"
"844","87","Upper.Yukon.Canada"
"845","87","White"
"846","87","Kantishna"
"847","87","Tanana.mouth"
"848","87","Nowitna"
"849","87","Fortymile"
"850","87","Black.Salmon.Fork"
"851","87","South.Fork.Koyokuk"
"852","87","Sheenjek"
"853","87","Colleen"
"854","87","Porcupine.Canada"
"855","88","Nisutlin"
"856","88","Teslin"
"857","88","Nisling"
"858","88","Upper.Yukon.Canada"
"859","88","White"
"860","88","Kantishna"
"861","88","Tanana.mouth"
"862","88","Nowitna"
"863","88","Koyokuk.mouth"
"864","88",NA
"865","88","Black.Salmon.Fork"
"866","88","South.Fork.Koyokuk"
"867","88","Sheenjek"
"868","88","Chandlar.Teedriinjik"
"869","88","Porcupine.Canada"
"870","88","Colleen"
"871","89","Teslin"
"872","89","Swift"
"873","89",NA
"874","89","Nisutlin"
"875","89","Big.Salmon"
"876","89","Kantishna"
"877","89","White"
"878","89","Tanana.mouth"
"879","89","Upper.Yukon.Canada"
"880","89","Fortymile"
"881","89","Tozitna"
"882","89","Koyokuk.mouth"
"883","89","Kandik"
"884","89","Black.Salmon.Fork"
"885","89","Porcupine.mouth"
"886","89","Chandlar.Teedriinjik"
"887","89","Fishing.Branch"
"888","89","Middle.Fork.Koyokuk"
"889","89","Porcupine.Canada"
"890","90","Swift"
"891","90","Nisutlin"
"892","90","Big.Salmon"
"893","90","Tanana.mouth"
"894","90","Upper.Yukon.Canada"
"895","90",NA
"896","90","Fortymile"
"897","90","Koyokuk.mouth"
"898","90","Miner"
"899","90","Alatna"
"900","90","Black.Salmon.Fork"
"901","90","John"
"902","90","Fishing.Branch"
"903","90","North.Fork.Koyokuk"
"904","90","Chandlar.Teedriinjik"
"905","90","Middle.Fork.Koyokuk"
"906","91","Nisutlin"
"907","91","Teslin"
"908","91","Nisling"
"909","91","Upper.Yukon.Canada"
"910","91","White"
"911","91","Kantishna"
"912","91","Tanana.mouth"
"913","91","Nowitna"
"914","91","Fortymile"
"915","91",NA
"916","91","Black.Salmon.Fork"
"917","91","South.Fork.Koyokuk"
"918","91","Sheenjek"
"919","91","Colleen"
"920","91","Porcupine.Canada"
"921","92","Teslin"
"922","92","Nisutlin"
"923","92","Nisling"
"924","92","White"
"925","92","Upper.Yukon.Canada"
"926","92","Kantishna"
"927","92","Innoko"
"928","92","Nowitna"
"929","92","Koyokuk.mouth"
"930","92",NA
"931","92","Black.Salmon.Fork"
"932","92","Kanuti"
"933","92","South.Fork.Koyokuk"
"934","92","Fishing.Branch"
"935","92","Whitestone"
"936","92","Chandlar.Teedriinjik"
"937","92","Sheenjek"
"938","92","Porcupine.Canada"
"939","93","Swift"
"940","93",NA
"941","93","Nisutlin"
"942","93","Big.Salmon"
"943","93","Tanana.mouth"
"944","93","Upper.Yukon.Canada"
"945","93","Fortymile"
"946","93","Koyokuk.mouth"
"947","93","Miner"
"948","93","Alatna"
"949","93","Black.Salmon.Fork"
"950","93","Chandlar.Teedriinjik"
"951","93","Fishing.Branch"
"952","93","North.Fork.Koyokuk"
"953","93","Middle.Fork.Koyokuk"
"954","93","Porcupine.Canada"
"955","94","SMS.Yukon.Canada.Tahkini"
"956","94","Nisutlin"
"957","94","Teslin"
"958","94","Nisling"
"959","94","Upper.Yukon.Canada"
"960","94","White"
"961","94","Kantishna"
"962","94","Tanana.mouth"
"963","94","Nowitna"
"964","94","Fortymile"
"965","94","Black.Salmon.Fork"
"966","94","South.Fork.Koyokuk"
"967","94","Sheenjek"
"968","94","Colleen"
"969","94","Porcupine.Canada"
"970","95","Macmillan"
"971","95","Stewart"
"972","95","Klondike"
"973","96","Pelly.ab.Macm"
"974","96","Pelly"
"975","96","Macmillan"
"976","97","SMS.Yukon.Canada.Tahkini"
"977","97","Kluane.Donjek.Tincup"
"978","97","White"
"979","98","Andreafsky"
"980","98","Anvik"
"981","98","Innoko"
"982","98","Nenana"
"983","98","Kantishna"
"984","98","Nowitna"
"985","98","Koyokuk.mouth"
"986","98","Hogatza"
"987","99","SMS.Yukon.Canada.Tahkini"
"988","99","White"
"989","99","Andreafsky"
"990","99","Anvik"
"991","99","Nordenskiold"
"992","99","Kantishna"
"993","99","Nowitna"
"994","99","Koyokuk.mouth"
"995","99","Hogatza"
"996","100","SMS.Yukon.Canada.Tahkini"
"997","100","White"
"998","100","Andreafsky"
"999","100","Anvik"
"1000","100","Nordenskiold"
"1001","100","Kantishna"
"1002","100","Nowitna"
"1003","100","Koyokuk.mouth"
"1004","100","Hogatza"
"1005","101","SMS.Yukon.Canada.Tahkini"
"1006","101","White"
"1007","101","Andreafsky"
"1008","101","Anvik"
"1009","101","Nordenskiold"
"1010","101","Kantishna"
"1011","101","Nowitna"
"1012","101","Koyokuk.mouth"
"1013","101","Hogatza"
"1014","102","Teslin"
"1015","102","Swift"
"1016","102",NA
"1017","102","Nisutlin"
"1018","102","Big.Salmon"
"1019","102","Kantishna"
"1020","102","White"
"1021","102","Tanana.mouth"
"1022","102","Upper.Yukon.Canada"
"1023","102","Nenana"
"1024","102","Fortymile"
"1025","102","Tozitna"
"1026","102","Koyokuk.mouth"
"1027","102","Kandik"
"1028","102","Black.Salmon.Fork"
"1029","102","Porcupine.mouth"
"1030","102","Chandlar.Teedriinjik"
"1031","102","Fishing.Branch"
"1032","102","Middle.Fork.Koyokuk"
"1033","102","Porcupine.Canada"
"1034","103","SMS.Yukon.Canada.Tahkini"
"1035","103","Kluane.Donjek.Tincup"
"1036","103","White"
"1037","103","Andreafsky"
"1038","103","Anvik"
"1039","103","Innoko"
"1040","103","Nenana"
"1041","103","Kantishna"
"1042","103","Nowitna"
"1043","103","Koyokuk.mouth"
"1044","103","Hogatza"
"1045","104","SMS.Yukon.Canada.Tahkini"
"1046","104","Kluane.Donjek.Tincup"
"1047","104","White"
"1048","104","Andreafsky"
"1049","104","Anvik"
"1050","104","Innoko"
"1051","104","Nenana"
"1052","104","Kantishna"
"1053","104","Nowitna"
"1054","104","Koyokuk.mouth"
"1055","104","Hogatza"
"1056","105","SMS.Yukon.Canada.Tahkini"
"1057","105","White"
"1058","105","Andreafsky"
"1059","105","Anvik"
"1060","105","Nordenskiold"
"1061","105","Kantishna"
"1062","105","Nowitna"
"1063","105","Koyokuk.mouth"
"1064","105","Hogatza"
"1065","106","SMS.Yukon.Canada.Tahkini"
"1066","106","White"
"1067","106","Andreafsky"
"1068","106","Kluane.Donjek.Tincup"
"1069","106","Anvik"
"1070","106","Innoko"
"1071","106","Kantishna"
"1072","106","Nowitna"
"1073","106","Koyokuk.mouth"
"1074","106","Hogatza"
"1075","107","SMS.Yukon.Canada.Tahkini"
"1076","107","Kluane.Donjek.Tincup"
"1077","107","White"
"1078","107","Andreafsky"
"1079","107","Anvik"
"1080","107","Innoko"
"1081","107","Nenana"
"1082","107","Kantishna"
"1083","107","Nowitna"
"1084","107","Koyokuk.mouth"
"1085","107","Hogatza"
"1086","108","Teslin"
"1087","108","Swift"
"1088","108",NA
"1089","108","Nisutlin"
"1090","108","Big.Salmon"
"1091","108","Kantishna"
"1092","108","White"
"1093","108","Tanana.mouth"
"1094","108","Nenana"
"1095","108","Fortymile"
"1096","108","Tozitna"
"1097","108","Koyokuk.mouth"
"1098","108","Kandik"
"1099","108","Kanuti"
"1100","108","Black.Salmon.Fork"
"1101","108","Porcupine.mouth"
"1102","108","Fishing.Branch"
"1103","108","Chandlar.Teedriinjik"
"1104","108","Middle.Fork.Koyokuk"
"1105","108","Porcupine.Canada"
"1106","109","Stewart"
"1107","109","Kantishna"
"1108","109","Macmillan"
"1109","109","Salcha"
"1110","109","Klondike"
"1111","110","SMS.Yukon.Canada.Tahkini"
"1112","110","White"
"1113","110","Andreafsky"
"1114","110","Anvik"
"1115","110","Nordenskiold"
"1116","110","Kantishna"
"1117","110","Nowitna"
"1118","110","Koyokuk.mouth"
"1119","110","Hogatza"
"1120","111","SMS.Yukon.Canada.Tahkini"
"1121","111","White"
"1122","111","Andreafsky"
"1123","111","Anvik"
"1124","111","Nordenskiold"
"1125","111","Kantishna"
"1126","111","Nowitna"
"1127","111","Koyokuk.mouth"
"1128","111","Hogatza"
"1129","112","Big.Salmon"
"1130","112","Pelly.ab.Macm"
"1131","112","Pelly"
"1132","112","Upper.Yukon.Canada"
"1133","112","Tanana.mouth"
"1134","112","Fortymile"
"1135","112",NA
"1136","112","Miner"
"1137","112","Black.Salmon.Fork"
"1138","112","Alatna"
"1139","112","Porcupine.Canada"
"1140","112","Chandlar.Teedriinjik"
"1141","112","John"
"1142","112","Fishing.Branch"
"1143","112","North.Fork.Koyokuk"
"1144","113","SMS.Yukon.Canada.Tahkini"
"1145","113","White"
"1146","113","Andreafsky"
"1147","113","Anvik"
"1148","113","Nordenskiold"
"1149","113","Kantishna"
"1150","113","Nowitna"
"1151","113","Koyokuk.mouth"
"1152","113","Hogatza"
"1153","114","Stewart"
"1154","114","Kantishna"
"1155","114","Fortymile"
"1156","114","Goodpaster"
"1157","114","Salcha"
"1158","114","Klondike"
"1159","114","Chena"
"1160","115","SMS.Yukon.Canada.Tahkini"
"1161","115","Kluane.Donjek.Tincup"
"1162","115","White"
"1163","115","Andreafsky"
"1164","115","Anvik"
"1165","115","Nenana"
"1166","115","Innoko"
"1167","115","Kantishna"
"1168","115","Nowitna"
"1169","115","Koyokuk.mouth"
"1170","115","Hogatza"
"1171","115","Henshaw"
"1172","116","SMS.Yukon.Canada.Tahkini"
"1173","116","White"
"1174","116","Andreafsky"
"1175","116","Anvik"
"1176","116","Nordenskiold"
"1177","116","Kantishna"
"1178","116","Nowitna"
"1179","116","Koyokuk.mouth"
"1180","116","Hogatza"
"1181","117","Stewart"
"1182","117","Kantishna"
"1183","117","Macmillan"
"1184","117","Salcha"
"1185","117","Klondike"
"1186","118","SMS.Yukon.Canada.Tahkini"
"1187","118","Kluane.Donjek.Tincup"
"1188","118","White"
"1189","118","Andreafsky"
"1190","118","Anvik"
"1191","118","Nenana"
"1192","118","Innoko"
"1193","118","Kantishna"
"1194","118","Nowitna"
"1195","118","Koyokuk.mouth"
"1196","118","Hogatza"
"1197","118","Henshaw"
"1198","119","Teslin"
"1199","119","Swift"
"1200","119",NA
"1201","119","Nisutlin"
"1202","119","Big.Salmon"
"1203","119","Kantishna"
"1204","119","White"
"1205","119","Nenana"
"1206","119","Upper.Yukon.Canada"
"1207","119","Tozitna"
"1208","119","Koyokuk.mouth"
"1209","119","Kandik"
"1210","119","Kanuti"
"1211","119","Black.Salmon.Fork"
"1212","119","Porcupine.mouth"
"1213","119","Fishing.Branch"
"1214","119","Chandlar.Teedriinjik"
"1215","119","Middle.Fork.Koyokuk"
"1216","119","Porcupine.Canada"
"1217","120","Pelly.ab.Macm"
"1218","120","Pelly"
"1219","120","Macmillan"
"1220","120","Tanana.mouth"
"1221","120","Charly"
"1222","120","Nation"
"1223","120","Black.Salmon.Fork"
"1224","121","Teslin"
"1225","121","Nisutlin"
"1226","121","Nisling"
"1227","121","White"
"1228","121","Upper.Yukon.Canada"
"1229","121","Innoko"
"1230","121","Kantishna"
"1231","121","Nowitna"
"1232","121","Koyokuk.mouth"
"1233","121",NA
"1234","121","Black.Salmon.Fork"
"1235","121","Kanuti"
"1236","121","South.Fork.Koyokuk"
"1237","121","Fishing.Branch"
"1238","121","Whitestone"
"1239","121","Chandlar.Teedriinjik"
"1240","121","Sheenjek"
"1241","121","Porcupine.Canada"
"1242","122","SMS.Yukon.Canada.Tahkini"
"1243","122","Kluane.Donjek.Tincup"
"1244","122","White"
"1245","122","Andreafsky"
"1246","122","Anvik"
"1247","122","Nenana"
"1248","122","Innoko"
"1249","122","Kantishna"
"1250","122","Nowitna"
"1251","122","Koyokuk.mouth"
"1252","122","Hogatza"
"1253","122","Henshaw"
"1254","123","Teslin"
"1255","123","Nisutlin"
"1256","123","Nisling"
"1257","123","White"
"1258","123","Upper.Yukon.Canada"
"1259","123","Innoko"
"1260","123","Nenana"
"1261","123","Kantishna"
"1262","123","Koyokuk.mouth"
"1263","123",NA
"1264","123","Kanuti"
"1265","123","South.Fork.Koyokuk"
"1266","123","Fishing.Branch"
"1267","123","Porcupine.mouth"
"1268","123","Whitestone"
"1269","123","Chandlar.Teedriinjik"
"1270","123","Porcupine.Canada"
"1271","123","Sheenjek"
"1272","124","SMS.Yukon.Canada.Tahkini"
"1273","124","Nisutlin"
"1274","124","Teslin"
"1275","124","Nisling"
"1276","124","Upper.Yukon.Canada"
"1277","124","White"
"1278","124","Kantishna"
"1279","124","Tanana.mouth"
"1280","124","Nowitna"
"1281","124","Fortymile"
"1282","124","Black.Salmon.Fork"
"1283","124","Sheenjek"
"1284","124","Colleen"
"1285","124","Porcupine.Canada"
"1286","125","Andreafsky"
"1287","125","Anvik"
"1288","125","Nowitna"
"1289","125","Kantishna"
"1290","125","Koyokuk.mouth"
"1291","126","Andreafsky"
"1292","126","Anvik"
"1293","126","Kantishna"
"1294","126","Nowitna"
"1295","126","Koyokuk.mouth"
"1296","126","Hogatza"
"1297","127","SMS.Yukon.Canada.Tahkini"
"1298","127","White"
"1299","127","Nordenskiold"
"1300","128","Andreafsky"
"1301","128","Anvik"
"1302","128","Nowitna"
"1303","128","Kantishna"
"1304","128","Koyokuk.mouth"
"1305","129","SMS.Yukon.Canada.Tahkini"
"1306","129","White"
"1307","129","Andreafsky"
"1308","129","Kluane.Donjek.Tincup"
"1309","129","Anvik"
"1310","129","Innoko"
"1311","129","Kantishna"
"1312","129","Nowitna"
"1313","129","Koyokuk.mouth"
"1314","129","Hogatza"
"1315","130","SMS.Yukon.Canada.Tahkini"
"1316","130","Kluane.Donjek.Tincup"
"1317","130","White"
"1318","130","Andreafsky"
"1319","130","Anvik"
"1320","130","Innoko"
"1321","130","Nenana"
"1322","130","Kantishna"
"1323","130","Nowitna"
"1324","130","Koyokuk.mouth"
"1325","130","Hogatza"
"1326","130","Henshaw"
"1327","131","SMS.Yukon.Canada.Tahkini"
"1328","131","Kluane.Donjek.Tincup"
"1329","131","White"
"1330","131","Andreafsky"
"1331","131","Anvik"
"1332","131","Innoko"
"1333","131","Nenana"
"1334","131","Kantishna"
"1335","131","Nowitna"
"1336","131","Koyokuk.mouth"
"1337","131","Hogatza"
"1338","132","Nisutlin"
"1339","132","Teslin"
"1340","132","Nisling"
"1341","132","Upper.Yukon.Canada"
"1342","132","White"
"1343","132","Kantishna"
"1344","132","Tanana.mouth"
"1345","132","Nowitna"
"1346","132","Fortymile"
"1347","132",NA
"1348","132","Black.Salmon.Fork"
"1349","132","South.Fork.Koyokuk"
"1350","132","Sheenjek"
"1351","132","Colleen"
"1352","132","Porcupine.Canada"
"1353","133","Stewart"
"1354","133","Kantishna"
"1355","133","Macmillan"
"1356","133","Salcha"
"1357","133","Klondike"
"1358","134","SMS.Yukon.Canada.Tahkini"
"1359","134","Kluane.Donjek.Tincup"
"1360","134","White"
"1361","134","Andreafsky"
"1362","134","Anvik"
"1363","134","Innoko"
"1364","134","Nenana"
"1365","134","Kantishna"
"1366","134","Nowitna"
"1367","134","Koyokuk.mouth"
"1368","134","Hogatza"
"1369","135","SMS.Yukon.Canada.Tahkini"
"1370","135","Andreafsky"
"1371","135","White"
"1372","135","Nordenskiold"
"1373","135","Anvik"
"1374","135","Nowitna"
"1375","135","Kantishna"
"1376","136","SMS.Yukon.Canada.Tahkini"
"1377","136","Andreafsky"
"1378","136","White"
"1379","136","Anvik"
"1380","136","Nordenskiold"
"1381","136","Nowitna"
"1382","136","Kantishna"
"1383","136","Koyokuk.mouth"
"1384","137","SMS.Yukon.Canada.Tahkini"
"1385","137","White"
"1386","137","Andreafsky"
"1387","137","Anvik"
"1388","137","Nordenskiold"
"1389","137","Kantishna"
"1390","137","Nowitna"
"1391","137","Koyokuk.mouth"
"1392","137","Hogatza"
"1393","138","SMS.Yukon.Canada.Tahkini"
"1394","138","White"
"1395","138","Kluane.Donjek.Tincup"
"1396","138","Andreafsky"
"1397","138","Anvik"
"1398","138","Innoko"
"1399","138","Nenana"
"1400","138","Kantishna"
"1401","138","Nowitna"
"1402","138","Koyokuk.mouth"
"1403","138","Hogatza"
"1404","139","SMS.Yukon.Canada.Tahkini"
"1405","139","Andreafsky"
"1406","139","White"
"1407","139","Nordenskiold"
"1408","139","Anvik"
"1409","139","Nowitna"
"1410","139","Kantishna"
"1411","139","Koyokuk.mouth"
"1412","140","SMS.Yukon.Canada.Tahkini"
"1413","140","Kluane.Donjek.Tincup"
"1414","140","White"
"1415","140","Andreafsky"
"1416","140","Anvik"
"1417","140","Nenana"
"1418","140","Innoko"
"1419","140","Kantishna"
"1420","140","Nowitna"
"1421","140","Koyokuk.mouth"
"1422","140","Hogatza"
"1423","140","Henshaw"
"1424","141","SMS.Yukon.Canada.Tahkini"
"1425","141","Kluane.Donjek.Tincup"
"1426","141","Andreafsky"
"1427","141","Innoko"
"1428","141","Upper.Yukon.Canada"
"1429","141","White"
"1430","141","Nenana"
"1431","141","Kantishna"
"1432","141","Nowitna"
"1433","141","Koyokuk.mouth"
"1434","141","Hogatza"
"1435","141","Henshaw"
"1436","142","Nisutlin"
"1437","142","Teslin"
"1438","142","Nisling"
"1439","142","Upper.Yukon.Canada"
"1440","142","White"
"1441","142","Kantishna"
"1442","142","Tanana.mouth"
"1443","142","Nowitna"
"1444","142","Fortymile"
"1445","142",NA
"1446","142","Black.Salmon.Fork"
"1447","142","South.Fork.Koyokuk"
"1448","142","Sheenjek"
"1449","142","Colleen"
"1450","142","Porcupine.Canada"
"1451","143","SMS.Yukon.Canada.Tahkini"
"1452","143","Andreafsky"
"1453","143","White"
"1454","143","Nordenskiold"
"1455","143","Anvik"
"1456","143","Nowitna"
"1457","143","Kantishna"
"1458","143","Koyokuk.mouth"
"1459","144","Kantishna"
"1460","145","SMS.Yukon.Canada.Tahkini"
"1461","145","Kluane.Donjek.Tincup"
"1462","145","White"
"1463","145","Andreafsky"
"1464","145","Anvik"
"1465","145","Innoko"
"1466","145","Nenana"
"1467","145","Kantishna"
"1468","145","Nowitna"
"1469","145","Koyokuk.mouth"
"1470","145","Hogatza"
"1471","146","SMS.Yukon.Canada.Tahkini"
"1472","146","Kluane.Donjek.Tincup"
"1473","146","White"
"1474","146","Andreafsky"
"1475","146","Anvik"
"1476","146","Nenana"
"1477","146","Innoko"
"1478","146","Kantishna"
"1479","146","Nowitna"
"1480","146","Koyokuk.mouth"
"1481","146","Hogatza"
"1482","146","Henshaw"
"1483","147","Pelly.ab.Macm"
"1484","147","Pelly"
"1485","147","Upper.Yukon.Canada"
"1486","147","Macmillan"
"1487","147","Tanana.mouth"
"1488","147","Charly"
"1489","147","Nation"
"1490","147","Miner"
"1491","147","Black.Salmon.Fork"
"1492","148","SMS.Yukon.Canada.Tahkini"
"1493","148","White"
"1494","148","Andreafsky"
"1495","148","Anvik"
"1496","148","Nordenskiold"
"1497","148","Kantishna"
"1498","148","Nowitna"
"1499","148","Koyokuk.mouth"
"1500","148","Hogatza"
"1501","149","Swift"
"1502","149",NA
"1503","149","Nisutlin"
"1504","149","Big.Salmon"
"1505","149","Tanana.mouth"
"1506","149","Upper.Yukon.Canada"
"1507","149","Fortymile"
"1508","149","Tozitna"
"1509","149","Koyokuk.mouth"
"1510","149","Black.Salmon.Fork"
"1511","149","Alatna"
"1512","149","Chandlar.Teedriinjik"
"1513","149","Fishing.Branch"
"1514","149","Middle.Fork.Koyokuk"
"1515","149","Porcupine.Canada"
"1516","150","SMS.Yukon.Canada.Tahkini"
"1517","150","Kluane.Donjek.Tincup"
"1518","150","Andreafsky"
"1519","150","Innoko"
"1520","150","Upper.Yukon.Canada"
"1521","150","White"
"1522","150","Nenana"
"1523","150","Kantishna"
"1524","150","Nowitna"
"1525","150","Koyokuk.mouth"
"1526","150","Hogatza"
"1527","150","Henshaw"
"1528","151","SMS.Yukon.Canada.Tahkini"
"1529","151","White"
"1530","151","Andreafsky"
"1531","151","Anvik"
"1532","151","Nordenskiold"
"1533","151","Kantishna"
"1534","151","Nowitna"
"1535","151","Koyokuk.mouth"
"1536","151","Hogatza"
"1537","152","SMS.Yukon.Canada.Tahkini"
"1538","152","Andreafsky"
"1539","152","White"
"1540","152","Nordenskiold"
"1541","152","Anvik"
"1542","152","Nowitna"
"1543","152","Kantishna"
"1544","152","Koyokuk.mouth"
"1545","153","SMS.Yukon.Canada.Tahkini"
"1546","153","White"
"1547","153","Andreafsky"
"1548","153","Anvik"
"1549","153","Nordenskiold"
"1550","153","Kantishna"
"1551","153","Nowitna"
"1552","153","Koyokuk.mouth"
"1553","153","Hogatza"
"1554","154","SMS.Yukon.Canada.Tahkini"
"1555","154","White"
"1556","154","Nordenskiold"
"1557","155","SMS.Yukon.Canada.Tahkini"
"1558","155","White"
"1559","155","Nordenskiold"
"1560","156","Tanana.mouth"
"1561","156","Charly"
"1562","156","Nation"
"1563","156","Black.Salmon.Fork"
"1564","157","Swift"
"1565","157","Nisutlin"
"1566","157","Big.Salmon"
"1567","157","Upper.Yukon.Canada"
"1568","157","Fortymile"
"1569","157","Miner"
"1570","157","Fishing.Branch"
"1571","157","Porcupine.Canada"
"1572","158","Nisutlin"
"1573","158","Teslin"
"1574","158","Nisling"
"1575","158","Upper.Yukon.Canada"
"1576","158","White"
"1577","158","Kantishna"
"1578","158","Tanana.mouth"
"1579","158","Nowitna"
"1580","158","Fortymile"
"1581","158",NA
"1582","158","Black.Salmon.Fork"
"1583","158","South.Fork.Koyokuk"
"1584","158","Sheenjek"
"1585","158","Colleen"
"1586","158","Porcupine.Canada"
"1587","159","Teslin"
"1588","159","Nisutlin"
"1589","159","Nisling"
"1590","159","White"
"1591","159","Upper.Yukon.Canada"
"1592","159","Innoko"
"1593","159","Nenana"
"1594","159","Kantishna"
"1595","159","Nowitna"
"1596","159","Koyokuk.mouth"
"1597","159",NA
"1598","159","Black.Salmon.Fork"
"1599","159","Kanuti"
"1600","159","South.Fork.Koyokuk"
"1601","159","Fishing.Branch"
"1602","159","Whitestone"
"1603","159","Chandlar.Teedriinjik"
"1604","159","Porcupine.mouth"
"1605","159","Sheenjek"
"1606","159","Porcupine.Canada"
"1607","160","Teslin"
"1608","160","Nisutlin"
"1609","160","Nisling"
"1610","160","Upper.Yukon.Canada"
"1611","160","White"
"1612","160","Kantishna"
"1613","160","Innoko"
"1614","160","Nowitna"
"1615","160","Koyokuk.mouth"
"1616","160",NA
"1617","160","Black.Salmon.Fork"
"1618","160","Kanuti"
"1619","160","South.Fork.Koyokuk"
"1620","160","Whitestone"
"1621","160","Sheenjek"
"1622","160","Chandlar.Teedriinjik"
"1623","160","Porcupine.Canada"
"1624","161","SMS.Yukon.Canada.Tahkini"
"1625","161","White"
"1626","161","Andreafsky"
"1627","161","Anvik"
"1628","161","Nordenskiold"
"1629","161","Kantishna"
"1630","161","Nowitna"
"1631","161","Koyokuk.mouth"
"1632","161","Hogatza"
"1633","162","SMS.Yukon.Canada.Tahkini"
"1634","162","Andreafsky"
"1635","162","White"
"1636","162","Nordenskiold"
"1637","162","Anvik"
"1638","162","Nowitna"
"1639","162","Kantishna"
"1640","162","Koyokuk.mouth"
"1641","163","SMS.Yukon.Canada.Tahkini"
"1642","163","Kluane.Donjek.Tincup"
"1643","163","White"
"1644","163","Andreafsky"
"1645","163","Anvik"
"1646","163","Innoko"
"1647","163","Nenana"
"1648","163","Kantishna"
"1649","163","Nowitna"
"1650","163","Koyokuk.mouth"
"1651","163","Hogatza"
"1652","164","SMS.Yukon.Canada.Tahkini"
"1653","164","White"
"1654","164","Andreafsky"
"1655","164","Anvik"
"1656","164","Nordenskiold"
"1657","164","Kantishna"
"1658","164","Nowitna"
"1659","164","Koyokuk.mouth"
"1660","164","Hogatza"
"1661","165","SMS.Yukon.Canada.Tahkini"
"1662","165","Kluane.Donjek.Tincup"
"1663","165","Innoko"
"1664","165","Nisling"
"1665","165","Upper.Yukon.Canada"
"1666","165","Kantishna"
"1667","165","Tanana.mouth"
"1668","165","Nowitna"
"1669","165","Fortymile"
"1670","165","Colleen"
"1671","166","SMS.Yukon.Canada.Tahkini"
"1672","166","White"
"1673","166","Andreafsky"
"1674","166","Anvik"
"1675","166","Nordenskiold"
"1676","166","Kantishna"
"1677","166","Nowitna"
"1678","166","Koyokuk.mouth"
"1679","166","Hogatza"
"1680","167","SMS.Yukon.Canada.Tahkini"
"1681","167","White"
"1682","167","Andreafsky"
"1683","167","Anvik"
"1684","167","Nordenskiold"
"1685","167","Kantishna"
"1686","167","Nowitna"
"1687","167","Koyokuk.mouth"
"1688","167","Hogatza"
"1689","168","SMS.Yukon.Canada.Tahkini"
"1690","168","Andreafsky"
"1691","168","White"
"1692","168","Nordenskiold"
"1693","168","Anvik"
"1694","168","Nowitna"
"1695","168","Kantishna"
"1696","169","SMS.Yukon.Canada.Tahkini"
"1697","169","Kluane.Donjek.Tincup"
"1698","169","White"
"1699","169","Andreafsky"
"1700","169","Anvik"
"1701","169","Nenana"
"1702","169","Innoko"
"1703","169","Kantishna"
"1704","169","Nowitna"
"1705","169","Koyokuk.mouth"
"1706","169","Hogatza"
"1707","169","Henshaw"
"1708","170","SMS.Yukon.Canada.Tahkini"
"1709","170","Kluane.Donjek.Tincup"
"1710","170","White"
"1711","170","Andreafsky"
"1712","170","Anvik"
"1713","170","Nenana"
"1714","170","Innoko"
"1715","170","Kantishna"
"1716","170","Nowitna"
"1717","170","Koyokuk.mouth"
"1718","170","Hogatza"
"1719","170","Henshaw"
"1720","171","SMS.Yukon.Canada.Tahkini"
"1721","171","White"
"1722","171","Andreafsky"
"1723","171","Anvik"
"1724","171","Nordenskiold"
"1725","171","Kantishna"
"1726","171","Nowitna"
"1727","171","Koyokuk.mouth"
"1728","171","Hogatza"
"1729","172","SMS.Yukon.Canada.Tahkini"
"1730","172","Andreafsky"
"1731","172","White"
"1732","172","Nordenskiold"
"1733","172","Anvik"
"1734","172","Nowitna"
"1735","172","Kantishna"
"1736","173","Swift"
"1737","173","Big.Salmon"
"1738","173","Nisutlin"
"1739","173","Pelly.ab.Macm"
"1740","173","Upper.Yukon.Canada"
"1741","173",NA
"1742","173","Tanana.mouth"
"1743","173","Fortymile"
"1744","173","Miner"
"1745","173","Koyokuk.mouth"
"1746","173","Alatna"
"1747","173","Black.Salmon.Fork"
"1748","173","John"
"1749","173","Fishing.Branch"
"1750","173","North.Fork.Koyokuk"
"1751","173","Chandlar.Teedriinjik"
"1752","173","Middle.Fork.Koyokuk"
"1753","174","SMS.Yukon.Canada.Tahkini"
"1754","174","White"
"1755","174","Kluane.Donjek.Tincup"
"1756","174","Andreafsky"
"1757","174","Anvik"
"1758","174","Innoko"
"1759","174","Nenana"
"1760","174","Kantishna"
"1761","174","Nowitna"
"1762","174","Koyokuk.mouth"
"1763","174","Hogatza"
"1764","175","SMS.Yukon.Canada.Tahkini"
"1765","175","White"
"1766","175","Andreafsky"
"1767","175","Kluane.Donjek.Tincup"
"1768","175","Anvik"
"1769","175","Nordenskiold"
"1770","175","Innoko"
"1771","175","Kantishna"
"1772","175","Nowitna"
"1773","175","Koyokuk.mouth"
"1774","175","Hogatza"
"1775","176","SMS.Yukon.Canada.Tahkini"
"1776","176","White"
"1777","176","Andreafsky"
"1778","176","Anvik"
"1779","176","Nordenskiold"
"1780","176","Kantishna"
"1781","176","Nowitna"
"1782","176","Koyokuk.mouth"
"1783","176","Hogatza"
"1784","177","SMS.Yukon.Canada.Tahkini"
"1785","177","White"
"1786","177","Andreafsky"
"1787","177","Anvik"
"1788","177","Nordenskiold"
"1789","177","Kantishna"
"1790","177","Nowitna"
"1791","177","Koyokuk.mouth"
"1792","177","Hogatza"
"1793","178","SMS.Yukon.Canada.Tahkini"
"1794","178","Kluane.Donjek.Tincup"
"1795","178","White"
"1796","178","Andreafsky"
"1797","178","Anvik"
"1798","178","Nenana"
"1799","178","Innoko"
"1800","178","Kantishna"
"1801","178","Nowitna"
"1802","178","Koyokuk.mouth"
"1803","178","Hogatza"
"1804","178","Henshaw"
"1805","179","SMS.Yukon.Canada.Tahkini"
"1806","179","White"
"1807","179","Nordenskiold"
"1808","180","Nowitna"
"1809","180","Kantishna"
"1810","181","Teslin"
"1811","181","Nisutlin"
"1812","181","Nisling"
"1813","181","Upper.Yukon.Canada"
"1814","181","White"
"1815","181","Fishing.Branch"
"1816","181","Whitestone"
"1817","181","Porcupine.Canada"
"1818","182","SMS.Yukon.Canada.Tahkini"
"1819","182","White"
"1820","182","Andreafsky"
"1821","182","Anvik"
"1822","182","Nordenskiold"
"1823","182","Innoko"
"1824","182","Kantishna"
"1825","182","Nowitna"
"1826","182","Koyokuk.mouth"
"1827","182","Hogatza"
"1828","183","SMS.Yukon.Canada.Tahkini"
"1829","183","Kantishna"
"1830","184","SMS.Yukon.Canada.Tahkini"
"1831","184","Kluane.Donjek.Tincup"
"1832","184","White"
"1833","184","Andreafsky"
"1834","184","Anvik"
"1835","184","Innoko"
"1836","184","Nenana"
"1837","184","Kantishna"
"1838","184","Nowitna"
"1839","184","Koyokuk.mouth"
"1840","184","Hogatza"
"1841","184","Henshaw"
"1842","185","SMS.Yukon.Canada.Tahkini"
"1843","185","Andreafsky"
"1844","185","White"
"1845","185","Anvik"
"1846","185","Nordenskiold"
"1847","185","Nowitna"
"1848","185","Kantishna"
"1849","185","Koyokuk.mouth"
"1850","186","SMS.Yukon.Canada.Tahkini"
"1851","186","White"
"1852","186","Andreafsky"
"1853","186","Anvik"
"1854","186","Nordenskiold"
"1855","186","Kantishna"
"1856","186","Nowitna"
"1857","186","Koyokuk.mouth"
"1858","186","Hogatza"
"1859","187","SMS.Yukon.Canada.Tahkini"
"1860","187","Andreafsky"
"1861","187","White"
"1862","187","Nordenskiold"
"1863","187","Anvik"
"1864","187","Nowitna"
"1865","187","Kantishna"
"1866","188","SMS.Yukon.Canada.Tahkini"
"1867","188","Kluane.Donjek.Tincup"
"1868","188","White"
"1869","188","Andreafsky"
"1870","188","Anvik"
"1871","188","Nenana"
"1872","188","Innoko"
"1873","188","Kantishna"
"1874","188","Nowitna"
"1875","188","Koyokuk.mouth"
"1876","188","Hogatza"
"1877","188","Henshaw"
"1878","189","SMS.Yukon.Canada.Tahkini"
"1879","189","White"
"1880","189","Andreafsky"
"1881","189","Anvik"
"1882","189","Nordenskiold"
"1883","189","Kantishna"
"1884","189","Nowitna"
"1885","189","Koyokuk.mouth"
"1886","189","Hogatza"
"1887","190","SMS.Yukon.Canada.Tahkini"
"1888","190","Nisutlin"
"1889","190","Teslin"
"1890","190","Nisling"
"1891","190","Upper.Yukon.Canada"
"1892","190","White"
"1893","190","Kantishna"
"1894","190","Tanana.mouth"
"1895","190","Nowitna"
"1896","190","Fortymile"
"1897","190","Black.Salmon.Fork"
"1898","190","Sheenjek"
"1899","190","Colleen"
"1900","190","Porcupine.Canada"
"1901","191","SMS.Yukon.Canada.Tahkini"
"1902","191","Kluane.Donjek.Tincup"
"1903","191","White"
"1904","191","Andreafsky"
"1905","191","Anvik"
"1906","191","Nenana"
"1907","191","Innoko"
"1908","191","Kantishna"
"1909","191","Nowitna"
"1910","191","Koyokuk.mouth"
"1911","191","Hogatza"
"1912","191","Henshaw"
"1913","192","SMS.Yukon.Canada.Tahkini"
"1914","192","Kluane.Donjek.Tincup"
"1915","192","White"
"1916","192","Andreafsky"
"1917","192","Anvik"
"1918","192","Innoko"
"1919","192","Nenana"
"1920","192","Kantishna"
"1921","192","Nowitna"
"1922","192","Koyokuk.mouth"
"1923","192","Hogatza"
"1924","193","SMS.Yukon.Canada.Tahkini"
"1925","193","White"
"1926","193","Andreafsky"
"1927","193","Anvik"
"1928","193","Nordenskiold"
"1929","193","Nowitna"
"1930","193","Kantishna"
"1931","193","Koyokuk.mouth"
"1932","193","Hogatza"
"1933","194","SMS.Yukon.Canada.Tahkini"
"1934","194","White"
"1935","194","Andreafsky"
"1936","194","Anvik"
"1937","194","Nordenskiold"
"1938","194","Kantishna"
"1939","194","Nowitna"
"1940","194","Koyokuk.mouth"
"1941","194","Hogatza"
"1942","195","Teslin"
"1943","195","Swift"
"1944","195",NA
"1945","195","Nisutlin"
"1946","195","Big.Salmon"
"1947","195","Kantishna"
"1948","195","White"
"1949","195","Tanana.mouth"
"1950","195","Upper.Yukon.Canada"
"1951","195","Fortymile"
"1952","195","Tozitna"
"1953","195","Koyokuk.mouth"
"1954","195","Kandik"
"1955","195","Black.Salmon.Fork"
"1956","195","Porcupine.mouth"
"1957","195","Chandlar.Teedriinjik"
"1958","195","Fishing.Branch"
"1959","195","Middle.Fork.Koyokuk"
"1960","195","Porcupine.Canada"
"1961","196","SMS.Yukon.Canada.Tahkini"
"1962","196","Teslin"
"1963","196","Nisling"
"1964","196","Upper.Yukon.Canada"
"1965","196","White"
"1966","196","Kantishna"
"1967","196","Tanana.mouth"
"1968","196","Nowitna"
"1969","196","Fortymile"
"1970","196","Black.Salmon.Fork"
"1971","196","Sheenjek"
"1972","196","Colleen"
"1973","196","Porcupine.Canada"
"1974","197","SMS.Yukon.Canada.Tahkini"
"1975","197","Kluane.Donjek.Tincup"
"1976","197","White"
"1977","197","Andreafsky"
"1978","197","Anvik"
"1979","197","Nenana"
"1980","197","Innoko"
"1981","197","Kantishna"
"1982","197","Nowitna"
"1983","197","Koyokuk.mouth"
"1984","197","Hogatza"
"1985","197","Henshaw"
"1986","198","SMS.Yukon.Canada.Tahkini"
"1987","198","Andreafsky"
"1988","198","White"
"1989","198","Nordenskiold"
"1990","198","Anvik"
"1991","198","Nowitna"
"1992","198","Kantishna"
"1993","198","Koyokuk.mouth"
"1994","199","SMS.Yukon.Canada.Tahkini"
"1995","199","White"
"1996","199","Nordenskiold"
"1997","200","SMS.Yukon.Canada.Tahkini"
"1998","200","Nisutlin"
"1999","200","Teslin"
"2000","200","Nisling"
"2001","200","Upper.Yukon.Canada"
"2002","200","White"
"2003","200","Fortymile"
"2004","200","Porcupine.Canada"
"2005","201","Kantishna"
"2006","201","Goodpaster"
"2007","201","Chena"
"2008","202","SMS.Yukon.Canada.Tahkini"
"2009","202","White"
"2010","202","Kluane.Donjek.Tincup"
"2011","202","Nordenskiold"
"2012","203","Kantishna"
"2013","203","Salcha"
"2014","204","Kantishna"
"2015","204","Tanana.mouth"
"2016","204","Nowitna"
"2017","204",NA
"2018","204","Black.Salmon.Fork"
"2019","204","South.Fork.Koyokuk"
"2020","204","Sheenjek"
"2021","204","Colleen"
"2022","204","Porcupine.Canada"
"2023","205","SMS.Yukon.Canada.Tahkini"
"2024","205","Nisutlin"
"2025","205","Teslin"
"2026","205","Nisling"
"2027","205","Upper.Yukon.Canada"
"2028","205","White"
"2029","205","Fortymile"
"2030","205","Porcupine.Canada"
"2031","206","Birch.Cr"
"2032","207","Tanana.mouth"
"2033","207","Salcha"
"2034","207","Charly"
"2035","208","SMS.Yukon.Canada.Tahkini"
"2036","208","Nisling"
"2037","208","Upper.Yukon.Canada"
"2038","208","White"
"2039","208","Fortymile"
"2040","209","Stewart"
"2041","209","Macmillan"
"2042","209","Klondike"
"2043","210","Chena"
"2044","210","Birch.Cr"
"2045","211",NA
"2046","211","Tanana.mouth"
"2047","211","Upper.Yukon.Canada"
"2048","211","Koyokuk.mouth"
"2049","211","Alatna"
"2050","211","Black.Salmon.Fork"
"2051","211","John"
"2052","211","North.Fork.Koyokuk"
"2053","211","Chandlar.Teedriinjik"
"2054","211","Middle.Fork.Koyokuk"
"2055","212","Tanana.mouth"
"2056","212","Upper.Yukon.Canada"
"2057","212","Nation"
"2058","212",NA
"2059","212","Black.Salmon.Fork"
"2060","212","Alatna"
"2061","212","Chandlar.Teedriinjik"
"2062","212","John"
"2063","213",NA
"2064","213","Tanana.mouth"
"2065","213","Koyokuk.mouth"
"2066","213","Black.Salmon.Fork"
"2067","213","Alatna"
"2068","213","Chandlar.Teedriinjik"
"2069","213","North.Fork.Koyokuk"
"2070","213","Middle.Fork.Koyokuk"
"2071","214","SMS.Yukon.Canada.Tahkini"
"2072","214","White"
"2073","214","Nordenskiold"
"2074","215","SMS.Yukon.Canada.Tahkini"
"2075","215","Kluane.Donjek.Tincup"
"2076","215","White"
"2077","215","Andreafsky"
"2078","215","Anvik"
"2079","215","Nenana"
"2080","215","Innoko"
"2081","215","Kantishna"
"2082","215","Nowitna"
"2083","215","Koyokuk.mouth"
"2084","215","Hogatza"
"2085","215","Henshaw"
"2086","216","SMS.Yukon.Canada.Tahkini"
"2087","216","White"
"2088","216","Andreafsky"
"2089","216","Anvik"
"2090","216","Nordenskiold"
"2091","216","Kantishna"
"2092","216","Nowitna"
"2093","216","Koyokuk.mouth"
"2094","216","Hogatza"
"2095","217","Kantishna"
"2096","217","Chena"
"2097","218","Pelly.ab.Macm"
"2098","218","Pelly"
"2099","218","Upper.Yukon.Canada"
"2100","218","Macmillan"
"2101","218","Miner"
"2102","219","Nisutlin"
"2103","219","Big.Salmon"
"2104","219","Pelly.ab.Macm"
"2105","219","Pelly"
"2106","219","Upper.Yukon.Canada"
"2107","219","Fortymile"
"2108","219","Miner"
"2109","219","Porcupine.Canada"
"2110","219","Fishing.Branch"
"2111","220","Teslin"
"2112","220","Nisutlin"
"2113","220","Nisling"
"2114","220","Upper.Yukon.Canada"
"2115","220","White"
"2116","220","Kantishna"
"2117","220","Innoko"
"2118","220","Nowitna"
"2119","220","Koyokuk.mouth"
"2120","220",NA
"2121","220","Black.Salmon.Fork"
"2122","220","Kanuti"
"2123","220","South.Fork.Koyokuk"
"2124","220","Whitestone"
"2125","220","Sheenjek"
"2126","220","Chandlar.Teedriinjik"
"2127","220","Porcupine.Canada"
"2128","221","Tanana.mouth"
"2129","221","Macmillan"
"2130","221","Salcha"
"2131","221","Charly"
"2132","222","Swift"
"2133","222",NA
"2134","222","Nisutlin"
"2135","222","Big.Salmon"
"2136","222","White"
"2137","222","Tanana.mouth"
"2138","222","Upper.Yukon.Canada"
"2139","222","Fortymile"
"2140","222","Tozitna"
"2141","222","Koyokuk.mouth"
"2142","222","Kandik"
"2143","222","Black.Salmon.Fork"
"2144","222","Alatna"
"2145","222","Porcupine.mouth"
"2146","222","Chandlar.Teedriinjik"
"2147","222","Fishing.Branch"
"2148","222","Middle.Fork.Koyokuk"
"2149","222","Porcupine.Canada"
"2150","223","SMS.Yukon.Canada.Tahkini"
"2151","223","Nisutlin"
"2152","223","Teslin"
"2153","223","Nisling"
"2154","223","Upper.Yukon.Canada"
"2155","223","White"
"2156","223","Kantishna"
"2157","223","Tanana.mouth"
"2158","223","Nowitna"
"2159","223","Fortymile"
"2160","223",NA
"2161","223","Black.Salmon.Fork"
"2162","223","South.Fork.Koyokuk"
"2163","223","Sheenjek"
"2164","223","Colleen"
"2165","223","Porcupine.Canada"
"2166","224","Stewart"
"2167","224","Kantishna"
"2168","224","Macmillan"
"2169","224","Salcha"
"2170","224","Klondike"
"2171","225","SMS.Yukon.Canada.Tahkini"
"2172","225","Nisutlin"
"2173","225","Teslin"
"2174","225","Nisling"
"2175","225","Upper.Yukon.Canada"
"2176","225","White"
"2177","225","Fortymile"
"2178","225","Porcupine.Canada"
"2179","226","Stewart"
"2180","226","Fortymile"
"2181","226","McQuesten"
"2182","226","Chena"
"2183","226","Klondike"
"2184","227","Nisutlin"
"2185","227","Teslin"
"2186","227","Nisling"
"2187","227","Upper.Yukon.Canada"
"2188","227","White"
"2189","227","Kantishna"
"2190","227","Innoko"
"2191","227","Nowitna"
"2192","227","Koyokuk.mouth"
"2193","227",NA
"2194","227","Black.Salmon.Fork"
"2195","227","South.Fork.Koyokuk"
"2196","227","Sheenjek"
"2197","227","Whitestone"
"2198","227","Chandlar.Teedriinjik"
"2199","227","Porcupine.Canada"
"2200","228","Stewart"
"2201","228","Fortymile"
"2202","228","McQuesten"
"2203","228","Klondike"
"2204","228","Chena"
"2205","229","Stewart"
"2206","229","Kantishna"
"2207","229","Macmillan"
"2208","229","Salcha"
"2209","229","Klondike"
"2210","230","Stewart"
"2211","230","Kantishna"
"2212","230","Fortymile"
"2213","230","Goodpaster"
"2214","230","Salcha"
"2215","230","Klondike"
"2216","230","Chena"
"2217","231","Pelly.ab.Macm"
"2218","231","Macmillan"
"2219","231","Tanana.mouth"
"2220","231","Pelly"
"2221","231","Salcha"
"2222","231","Charly"
"2223","232","Nisutlin"
"2224","232","Big.Salmon"
"2225","232","Pelly.ab.Macm"
"2226","232","Pelly"
"2227","232","Upper.Yukon.Canada"
"2228","232","Tanana.mouth"
"2229","232","Fortymile"
"2230","232",NA
"2231","232","Miner"
"2232","232","Black.Salmon.Fork"
"2233","232","Alatna"
"2234","232","Porcupine.Canada"
"2235","232","Chandlar.Teedriinjik"
"2236","232","John"
"2237","232","Fishing.Branch"
"2238","232","North.Fork.Koyokuk"
"2239","233","Swift"
"2240","233",NA
"2241","233","Nisutlin"
"2242","233","Big.Salmon"
"2243","233","White"
"2244","233","Tanana.mouth"
"2245","233","Upper.Yukon.Canada"
"2246","233","Fortymile"
"2247","233","Tozitna"
"2248","233","Koyokuk.mouth"
"2249","233","Kandik"
"2250","233","Black.Salmon.Fork"
"2251","233","Alatna"
"2252","233","Porcupine.mouth"
"2253","233","Chandlar.Teedriinjik"
"2254","233","Fishing.Branch"
"2255","233","Middle.Fork.Koyokuk"
"2256","233","Porcupine.Canada"
"2257","234","SMS.Yukon.Canada.Tahkini"
"2258","234","Kluane.Donjek.Tincup"
"2259","234","Andreafsky"
"2260","234","White"
"2261","234","Upper.Yukon.Canada"
"2262","234","Innoko"
"2263","234","Nenana"
"2264","234","Kantishna"
"2265","234","Nowitna"
"2266","234","Koyokuk.mouth"
"2267","234","Hogatza"
"2268","234","Henshaw"
"2269","235","Stewart"
"2270","235","Kantishna"
"2271","235","Fortymile"
"2272","235","Goodpaster"
"2273","235","Salcha"
"2274","235","Klondike"
"2275","235","Chena"
"2276","236","Nisutlin"
"2277","236","Teslin"
"2278","236","Nisling"
"2279","236","Upper.Yukon.Canada"
"2280","236","White"
"2281","236","Kantishna"
"2282","236","Tanana.mouth"
"2283","236","Nowitna"
"2284","236","Koyokuk.mouth"
"2285","236",NA
"2286","236","Black.Salmon.Fork"
"2287","236","South.Fork.Koyokuk"
"2288","236","Sheenjek"
"2289","236","Colleen"
"2290","236","Porcupine.Canada"
"2291","237","SMS.Yukon.Canada.Tahkini"
"2292","237","White"
"2293","237","Kluane.Donjek.Tincup"
"2294","237","Andreafsky"
"2295","237","Anvik"
"2296","237","Innoko"
"2297","237","Nenana"
"2298","237","Kantishna"
"2299","237","Nowitna"
"2300","237","Koyokuk.mouth"
"2301","237","Hogatza"
"2302","238","Kantishna"
"2303","238","Stewart"
"2304","238","Fortymile"
"2305","238","Klondike"
"2306","238","Chena"
"2307","238","McQuesten"
"2308","239","Teslin"
"2309","239","Nisutlin"
"2310","239","Nisling"
"2311","239","White"
"2312","239","Upper.Yukon.Canada"
"2313","239","Innoko"
"2314","239","Kantishna"
"2315","239","Nowitna"
"2316","239","Koyokuk.mouth"
"2317","239",NA
"2318","239","Black.Salmon.Fork"
"2319","239","Kanuti"
"2320","239","South.Fork.Koyokuk"
"2321","239","Fishing.Branch"
"2322","239","Whitestone"
"2323","239","Chandlar.Teedriinjik"
"2324","239","Sheenjek"
"2325","239","Porcupine.Canada"
"2326","240","SMS.Yukon.Canada.Tahkini"
"2327","240","White"
"2328","240","Andreafsky"
"2329","240","Kluane.Donjek.Tincup"
"2330","240","Anvik"
"2331","240","Innoko"
"2332","240","Kantishna"
"2333","240","Nowitna"
"2334","240","Koyokuk.mouth"
"2335","240","Hogatza"
"2336","241","SMS.Yukon.Canada.Tahkini"
"2337","241","White"
"2338","241","Nordenskiold"
"2339","241","Kantishna"
"2340","242","Teslin"
"2341","242",NA
"2342","242","Big.Salmon"
"2343","242","Kantishna"
"2344","242","White"
"2345","242","Upper.Yukon.Canada"
"2346","242","Nenana"
"2347","242","Tozitna"
"2348","242","Koyokuk.mouth"
"2349","242","Kandik"
"2350","242","Kanuti"
"2351","242","Porcupine.mouth"
"2352","242","Fishing.Branch"
"2353","242","Middle.Fork.Koyokuk"
"2354","242","Chandlar.Teedriinjik"
"2355","242","Porcupine.Canada"
"2356","243","SMS.Yukon.Canada.Tahkini"
"2357","243","White"
"2358","243","Andreafsky"
"2359","243","Kluane.Donjek.Tincup"
"2360","243","Anvik"
"2361","243","Nordenskiold"
"2362","243","Innoko"
"2363","243","Kantishna"
"2364","243","Nowitna"
"2365","243","Koyokuk.mouth"
"2366","243","Hogatza"
"2367","244","SMS.Yukon.Canada.Tahkini"
"2368","244","Andreafsky"
"2369","244","White"
"2370","244","Nordenskiold"
"2371","244","Anvik"
"2372","244","Nowitna"
"2373","244","Kantishna"
"2374","245","SMS.Yukon.Canada.Tahkini"
"2375","245","White"
"2376","245","Andreafsky"
"2377","245","Anvik"
"2378","245","Nordenskiold"
"2379","245","Kantishna"
"2380","245","Nowitna"
"2381","245","Koyokuk.mouth"
"2382","245","Hogatza"
"2383","246","SMS.Yukon.Canada.Tahkini"
"2384","246","White"
"2385","246","Nordenskiold"
"2386","247","SMS.Yukon.Canada.Tahkini"
"2387","247","White"
"2388","247","Andreafsky"
"2389","247","Anvik"
"2390","247","Nordenskiold"
"2391","247","Kantishna"
"2392","247","Nowitna"
"2393","247","Koyokuk.mouth"
"2394","247","Hogatza"
