Header Row,site,sampleDate,cardNo,fishNum,External Sex,Internal Sex,sexID,sexMethodID,length,Fork Length,Snout Length,gearID,mesh,fishComment,geneticNum,otoNum,initials,adClip,prelimAgeFresh,prelimAgeSalt,prelimAgeErrorID,ageFresh,ageSalt,ageErrorID,flagged,period,weight,girth,ichNum,samplerID,ageFresh2,ageSalt2,ageErrorID2,flagged2,disagreement,,
,BigEddy,6/11/18,1,1,2,,2,2,831,898,67,3,8.25,FL 898,26417,9,,,,,,1,4,,,,,,,,1,4,,,,,
,BigEddy,6/11/18,1,2,1,,1,2,811,894,83,3,8.25,FL 894,26417,10,,,,,,1,4,,,,,,,,1,4,,,,,
,BigEddy,6/9/18,1,1,2,2,2,2,815,880,65,4,8.5,,26381,101,SL,,1,4,,1,4,,,,,,,,1,4,,,,,
,BigEddy,6/10/18,2,1,2,2,2,2,899,955,56,4,8.5,,26428,102,KB,,1,4,,1,4,,,,,,,,1,4,,,,,
,BigEddy,6/10/18,2,2,1,2,1,2,786,852,66,4,8.5,,26428,103,KB,,1,4,,1,4,,,,,,,,1,4,,,,,
,BigEddy,6/10/18,2,3,2,2,2,2,740,792,52,4,8.5,,26428,104,KB,,1,3,,1,3,,,,,,,,1,3,,,,,
,BigEddy,6/10/18,2,4,2,1,2,2,832,906,74,4,8.5,,26428,105,KB,,1,4,,1,4,,,,,,,,1,4,,,,,
,BigEddy,6/10/18,2,5,1,1,1,2,850,871,21,4,8.5,,26428,106,KB,,1,4,,1,4,,,,,,,,1,4,,,,,
,BigEddy,6/10/18,2,6,1,1,1,2,854,925,71,4,8.5,,26428,107,KB,,,,3,,,3,,,,,,,,,3,,,,
,BigEddy,6/10/18,2,7,2,2,2,2,837,904,67,4,8.5,,26428,108,KB,,1,4,,1,4,,,,,,,,1,4,,,,,
,BigEddy,6/11/18,3,1,1,1,1,2,849,911,62,4,8.5,,26383,111,KB,,1,4,,1,4,,,,,,,,1,4,,,,,
,BigEddy,6/11/18,3,2,2,2,2,2,855,913,58,4,8.5,,26383,112,KB,,1,4,,1,4,,,,,,,,1,4,,,,,
,BigEddy,6/11/18,3,3,2,2,2,2,843,895,52,4,8.5,,26383,113,KB,,1,4,,1,4,,,,,,,,1,4,,,,,
,BigEddy,6/11/18,3,4,2,2,2,2,826,875,49,4,8.5,,26383,114,KB,,1,4,,1,4,,,,,,,,1,4,,,,,
,BigEddy,6/12/18,4,1,1,2,1,2,782,840,58,4,8.5,,26424,115,MT,,1,3,,1,3,,,,,,,,1,3,,,,,
,BigEddy,6/12/18,4,2,2,2,2,2,892,955,63,4,8.5,,26424,116,MT,,1,4,,1,4,,,,,,,,1,4,,,,,
,BigEddy,6/12/18,4,3,2,1,2,2,911,972,61,4,8.5,,26424,117,MT,,1,4,,1,4,,,,,,,,1,4,,,,,
,BigEddy,6/12/18,4,4,1,1,1,2,731,790,59,4,8.5,,26424,118,MT,,1,3,,1,3,,,,,,,,1,3,,,,,
,BigEddy,6/12/18,4,5,1,2,1,2,823,876,53,4,8.5,,26424,119,MT,,1,4,,1,4,,,,,,,,1,4,,,,,
,BigEddy,6/12/18,4,6,1,2,1,2,810,867,57,4,8.5,,26424,120,MT,,1,4,,1,4,,,,,,,,1,3,,,,,
,BigEddy,6/12/18,4,7,2,2,2,2,867,937,70,4,8.5,,26424,121,MT,,1,4,,1,4,,,,,,,,1,4,,,,,
,BigEddy,6/12/18,4,8,1,1,1,2,765,830,65,4,8.5,,26424,122,MT,,1,3,,1,3,,,,,,,,1,3,,,,,
,BigEddy,6/12/18,4,9,2,2,2,2,791,853,62,4,8.5,,26424,123,MT,,1,3,,1,3,,,,,,,,1,3,,,,,
,BigEddy,6/12/18,4,10,1,1,1,2,692,750,58,4,8.5,,26424,124,MT,,1,3,,1,3,,,,,,,,1,3,,,,,
,BigEddy,6/12/18,5,1,1,1,1,2,780,845,65,4,8.5,,26420,125,MT,,1,4,,1,4,,,,,,,,1,4,,,,,
,BigEddy,6/12/18,5,2,1,1,1,2,618,664,46,4,8.5,,26420,126,MT,,1,2,,1,3,,,,,,,,1,3,,,,,
,BigEddy,6/12/18,5,3,2,2,2,2,802,853,51,4,8.5,,26420,127,MT,,1,4,,1,4,,,,,,,,1,4,,,,,
,BigEddy,6/12/18,5,4,2,2,2,2,739,782,43,4,8.5,,26420,128,MT,,1,3,,1,3,,,,,,,,1,3,,,,,
,BigEddy,6/12/18,5,5,2,1,2,2,926,992,66,4,8.5,,26420,129,FW,,1,4,,1,4,,,,,,,,1,4,,,,,
,BigEddy,6/12/18,5,6,1,1,1,2,890,970,80,4,8.5,,26420,130,FW,,1,4,,1,4,,,,,,,,1,4,,,,,
,BigEddy,6/12/18,5,7,2,1,2,2,721,773,52,4,8.5,,26420,131,FW,,1,3,,1,3,,,,,,,,1,3,,,,,
,BigEddy,6/12/18,5,8,2,2,2,2,803,858,55,4,8.5,,26420,132,FW,,1,3,,1,3,,,,,,,,1,3,,,,,
,BigEddy,6/12/18,5,9,2,2,2,2,911,970,59,4,8.5,,26420,133,FW,,1,4,,1,4,,,,,,,,1,4,,,,,
,BigEddy,6/12/18,5,10,2,2,2,2,829,889,60,4,8.5,,26420,134,FW,,1,4,,1,4,,,,,,,,1,4,,,,,
,BigEddy,6/12/18,6,1,1,1,1,2,874,942,68,4,8.5,,26429,135,FW,,1,4,,1,4,,,,,,,,1,4,,,,,
,BigEddy,6/13/18,7,1,2,2,2,2,825,881,56,4,8.5,,26416,136,SL,,1,4,,1,4,,,,,,,,1,4,,,,,
,BigEddy,6/13/18,7,2,2,2,2,2,824,883,59,4,8.5,,26416,137,SL,,1,4,,1,4,,,,,,,,1,4,,,,,
,BigEddy,6/13/18,7,3,2,1,2,2,831,889,58,4,8.5,,26416,138,EW,,1,4,,1,4,,,,,,,,1,4,,,,,
,BigEddy,6/13/18,7,4,1,1,1,2,813,875,62,4,8.5,,26416,139,EW,,,4,9,,4,9,,,,,,,,4,9,,,,
,BigEddy,6/13/18,7,5,2,1,2,2,670,726,56,4,8.5,,26416,140,EW,,1,3,,1,3,,,,,,,,1,3,,,,,
,BigEddy,6/13/18,7,6,2,2,2,2,833,882,49,4,8.5,,26416,141,EW,,1,4,,1,4,,,,,,,,1,4,,,,,
,BigEddy,6/13/18,7,7,1,1,1,2,740,804,64,4,8.5,,26416,142,EW,,1,3,,1,3,,,,,,,,1,3,,,,,
,BigEddy,6/13/18,7,8,2,2,2,2,773,822,49,4,8.5,,26416,143,EW,,1,3,,1,3,,,,,,,,1,3,,,,,
,BigEddy,6/13/18,7,9,1,2,1,2,791,852,61,4,8.5,,26416,144,EW,,1,3,,1,3,,,,,,,,1,3,,,,,
,BigEddy,6/13/18,7,10,1,2,1,2,792,854,62,4,8.5,,26416,145,EW,,1,4,,1,4,,,,,,,,1,4,,,,,
,BigEddy,6/13/18,8,1,1,1,1,2,778,846,68,4,8.5,,26425,146,EW,,1,3,,1,3,,,,,,,,1,3,,,,,
,BigEddy,6/14/18,9,1,1,1,1,2,760,829,69,4,8.5,,26421,147,SL,,1,3,,1,3,,,,,,,,1,3,,,,,
,BigEddy,6/14/18,9,2,1,1,1,2,706,757,51,4,8.5,,26421,148,SL,,1,4,,1,4,,,,,,,,1,4,,,,,
,BigEddy,6/14/18,9,3,1,1,1,2,854,928,74,4,8.5,,26421,149,SL,,1,4,,1,4,,,,,,,,1,4,,,,,
,BigEddy,6/15/18,10,1,1,1,1,2,864,939,75,4,8.5,,26426,150,KB,,1,4,,1,4,,,,,,,,1,4,,,,,
,BigEddy,6/15/18,10,2,1,2,1,2,796,858,62,4,8.5,,26426,151,KB,,1,3,,1,3,,,,,,,,1,3,,,,,
,BigEddy,6/15/18,10,3,2,2,2,2,670,717,47,4,8.5,,26426,152,KB,,1,3,,1,3,,,,,,,,1,3,,,,,
,BigEddy,6/15/18,10,4,2,2,2,2,850,911,61,4,8.5,,26426,153,KB,,1,4,,1,4,,,,,,,,1,4,,,,,
,BigEddy,6/15/18,10,5,2,2,2,2,845,903,58,4,8.5,,26426,154,KB,,1,4,,1,4,,,,,,,,1,4,,,,,
,BigEddy,6/16/18,11,1,2,2,2,2,875,943,68,4,8.5,,26422,155,EW,,1,4,,1,4,,,,,,,,1,4,,,,,
,BigEddy,6/17/18,12,1,2,1,2,2,924,964,40,4,8.5,,26418,156,DJ,,1,4,,1,4,,,,,,,,1,4,,,,,
,BigEddy,6/17/18,12,2,1,2,1,2,879,939,60,4,8.5,,26418,157,EW,,1,4,,1,4,,,,,,,,1,4,,,,,
,BigEddy,6/17/18,12,3,2,2,2,2,784,847,63,4,8.5,,26418,158,EW,,1,4,,1,4,,,,,,,,1,4,,,,,
,BigEddy,6/17/18,12,4,1,2,1,2,852,918,66,4,8.5,,26418,159,EW,,1,3,,1,3,,,,,,,,1,3,,,,,
,BigEddy,6/17/18,12,5,2,2,2,2,768,822,54,4,8.5,,26418,160,EW,,1,3,,1,3,,,,,,,,1,3,,,,,
,BigEddy,6/17/18,12,6,2,2,2,2,858,909,51,4,8.5,,26418,161,EW,,1,4,,1,4,,,,,,,,1,4,,,,,
,BigEddy,6/17/18,12,7,1,1,1,2,805,877,72,4,8.5,,26418,162,EW,,1,4,,1,4,,,,,,,,1,4,,,,,
,BigEddy,6/17/18,12,8,2,2,2,2,847,907,60,4,8.5,,26418,163,EW,,,4,9,,4,9,,,,,,,,4,9,,,,
,BigEddy,6/17/18,12,9,1,1,1,2,730,795,65,4,8.5,,26418,164,EW,,1,3,,1,3,,,,,,,,1,3,,,,,
,BigEddy,6/17/18,12,10,2,1,2,2,637,690,53,4,8.5,,26418,165,EW,,1,3,,1,3,,,,,,,,1,3,,,,,
,BigEddy,6/18/18,13,1,2,2,2,2,820,883,63,4,8.5,,26414,166,HU,,1,4,,1,4,,,,,,,,1,4,,,,,
,BigEddy,6/18/18,13,2,2,2,2,2,841,898,57,4,8.5,,26414,167,HU,,1,4,,1,4,,,,,,,,1,4,,,,,
,BigEddy,6/18/18,13,3,2,2,2,2,852,912,60,4,8.5,,26414,168,HU,,1,4,,1,4,,,,,,,,1,4,,,,,
,BigEddy,6/18/18,13,4,2,2,2,2,863,927,64,4,8.5,,26414,169,HU,,1,4,,1,4,,,,,,,,1,4,,,,,
,BigEddy,6/18/18,13,5,1,2,1,2,886,948,62,4,8.5,,26414,170,HU,,1,4,,1,4,,,,,,,,1,4,,,,,
,BigEddy,6/18/18,13,6,2,2,2,2,798,856,58,4,8.5,,26414,171,HU,,1,3,,1,3,,,,,,,,1,3,,,,,
,BigEddy,6/18/18,13,7,2,1,2,2,828,892,64,4,8.5,,26414,172,HU,,1,5,,1,5,,,,,,,,1,5,,,,,
,BigEddy,6/18/18,13,8,1,1,1,2,663,721,58,4,8.5,,26414,173,HU,,1,3,,1,3,,,,,,,,1,3,,,,,
,BigEddy,6/18/18,13,9,2,1,2,2,789,862,73,4,8.5,,26414,174,HU,,1,4,,1,4,,,,,,,,1,4,,,,,
,BigEddy,6/19/18,14,1,2,2,2,2,793,855,62,4,8.5,,26431,175,JD,,1,4,,1,4,,,,,,,,1,4,,,,,
,BigEddy,6/19/18,14,2,2,2,2,2,823,878,55,4,8.5,,26431,176,JD,,1,4,,1,4,,,,,,,,1,4,,,,,
,BigEddy,6/19/18,14,3,1,2,1,2,753,806,53,4,8.5,,26431,177,JD,,1,3,,1,3,,,,,,,,1,3,,,,,
,BigEddy,6/19/18,14,4,1,2,1,2,814,876,62,4,8.5,,26431,178,JD,,1,4,,1,4,,,,,,,,1,4,,,,,
,BigEddy,6/19/18,14,5,1,1,1,2,804,866,62,4,8.5,,26431,179,HU,,1,3,,1,3,,,,,,,,1,3,,,,,
,BigEddy,6/19/18,14,6,2,1,2,2,815,881,66,4,8.5,,26431,180,HU,,1,4,,1,4,,,,,,,,1,4,,,,,
,BigEddy,6/19/18,14,7,1,1,1,2,902,1000,98,4,8.5,,26431,181,HU,,1,4,,1,4,,,,,,,,1,4,,,,,
,BigEddy,6/19/18,14,8,1,1,1,2,902,1008,106,4,8.5,,26431,182,HU,,1,4,,1,4,,,,,,,,1,4,,,,,
,BigEddy,6/19/18,14,9,2,2,2,2,792,846,54,4,8.5,,26431,183,HU,,,3,9,,3,9,,,,,,,,3,9,,,,
,BigEddy,6/19/18,14,10,2,2,2,2,813,863,50,4,8.5,,26431,184,HU,,1,3,,1,3,,,,,,,,1,3,,,,,
,BigEddy,6/19/18,15,1,2,2,2,2,875,933,58,4,8.5,,26427,185,HU,,1,4,,1,4,,,,,,,,1,4,,,,,
,BigEddy,6/19/18,15,2,2,2,2,2,924,1001,77,4,8.5,,26427,186,HU,,1,4,,1,4,,,,,,,,1,4,,,,,
,BigEddy,6/19/18,15,3,2,2,2,2,834,896,62,4,8.5,,26427,187,HU,,1,4,,1,4,,,,,,,,1,4,,,,,
,BigEddy,6/19/18,15,4,2,2,2,2,875,932,57,4,8.5,,26427,,HU,,1,4,,1,4,,,,,,,,1,4,,,,,
,BigEddy,6/19/18,15,5,1,1,1,2,684,743,59,4,8.5,,26427,188,HU,,1,3,,1,3,,,,,,,,1,3,,,,,
,BigEddy,6/19/18,15,6,1,1,1,2,739,815,76,4,8.5,,26427,189,HU,,1,3,,1,3,,,,,,,,1,3,,,,,
,BigEddy,6/19/18,15,7,1,1,1,2,654,709,55,4,8.5,,26427,190,HU,,1,3,,1,3,,,,,,,,1,3,,,,,
,BigEddy,6/19/18,15,8,2,2,2,2,867,930,63,4,8.5,,26427,191,HU,,1,5,,1,5,,,,,,,,1,4,,,,,
,BigEddy,6/19/18,15,9,2,2,2,2,803,862,59,4,8.5,,26427,192,HU,,1,3,,1,4,,,,,,,,1,4,,,,,
,BigEddy,6/19/18,15,10,1,1,1,2,812,878,66,4,8.5,,26427,193,HU,,1,4,,1,4,,,,,,,,1,4,,,,,
,BigEddy,6/19/18,16,1,2,2,2,2,882,945,63,4,8.5,,26430,194,HU,,1,4,,1,4,,,,,,,,1,4,,,,,
,BigEddy,6/19/18,16,2,1,2,1,2,858,917,59,4,8.5,,26430,195,HU,,1,3,,1,3,,,,,,,,1,3,,,,,
,BigEddy,6/20/18,17,1,2,2,2,2,820,881,61,4,8.5,,26423,196,MT,,1,4,,1,4,,,,,,,,1,4,,,,,
,BigEddy,6/20/18,17,2,2,1,2,2,753,815,62,4,8.5,,26423,197,MT,,1,3,,1,3,,,,,,,,1,3,,,,,
,BigEddy,6/20/18,17,3,2,2,2,2,820,876,56,4,8.5,,26423,198,MT,,1,4,,1,4,,,,,,,,1,4,,,,,
,BigEddy,6/20/18,17,4,2,2,2,2,800,854,54,4,8.5,,26423,199,MT,,1,4,,,4,9,,,,,,,,4,9,,,,
,BigEddy,6/20/18,17,5,1,1,1,2,814,883,69,4,8.5,,26423,200,MT,,1,3,,1,3,,,,,,,,1,3,,,,,
,BigEddy,6/20/18,17,6,2,2,2,2,792,840,48,4,8.5,,26423,201,MT,,1,4,,1,4,,,,,,,,1,4,,,,,
,BigEddy,6/20/18,17,7,1,1,1,2,790,861,71,4,8.5,,26423,202,MT,,1,3,,1,4,,,,,,,,1,4,,,,,
,BigEddy,6/20/18,17,8,1,1,1,2,870,944,74,4,8.5,,26423,203,MT,,1,4,,1,4,,,,,,,,1,4,,,,,
,BigEddy,6/20/18,17,9,1,1,1,2,820,889,69,4,8.5,,26423,204,MT,,1,4,,1,4,,,,,,,,1,4,,,,,
,BigEddy,6/20/18,17,10,2,2,2,2,680,729,49,4,8.5,,26423,205,MT,,1,3,,1,3,,,,,,,,1,3,,,,,
,BigEddy,6/20/18,18,1,1,1,1,2,901,991,90,4,8.5,,26419,206,MT,,1,4,,1,4,,,,,,,,1,4,,,,,
,BigEddy,6/20/18,18,2,2,2,2,2,903,973,70,4,8.5,,26419,207,MT,,1,4,,1,4,,,,,,,,1,4,,,,,
,BigEddy,6/20/18,18,3,2,1,2,2,825,896,71,4,8.5,,26419,208,CD,,1,4,,1,4,,,,,,,,1,4,,,,,
,BigEddy,6/20/18,18,4,1,1,1,2,773,837,64,4,8.5,,26419,209,CD,,1,3,,1,3,,,,,,,,1,3,,,,,
,BigEddy,6/20/18,18,5,2,2,2,2,877,938,61,4,8.5,,26419,210,CD,,1,4,,1,4,,,,,,,,1,4,,,,,
,BigEddy,6/20/18,18,6,2,1,2,2,753,812,59,4,8.5,,26419,211,CD,,1,3,,1,4,,,,,,,,1,4,,,,,
,BigEddy,6/20/18,18,7,2,2,2,2,878,939,61,4,8.5,,26419,212,CD,,1,4,,1,4,,,,,,,,1,4,,,,,
,BigEddy,6/21/18,19,1,2,2,2,2,861,921,60,4,8.5,,26481,213,HU,,1,4,,1,4,,,,,,,,1,4,,,,,
,BigEddy,6/21/18,19,2,1,1,1,2,757,826,69,4,8.5,,26481,214,HU,,1,3,,1,3,,,,,,,,1,3,,,,,
,BigEddy,6/21/18,19,3,2,2,2,2,836,900,64,4,8.5,,26481,215,HU,,1,4,,1,4,,,,,,,,1,4,,,,,
,BigEddy,6/21/18,19,4,1,2,1,2,829,896,67,4,8.5,,26481,216,HU,,1,3,,1,3,,,,,,,,1,3,,,,,
,BigEddy,6/21/18,19,5,2,1,2,2,889,985,96,4,8.5,,26481,217,HU,,1,4,,1,4,,,,,,,,1,4,,,,,
,BigEddy,6/21/18,19,6,2,2,2,2,817,873,56,4,8.5,,26481,218,HU,,1,4,,1,4,,,,,,,,1,4,,,,,
,BigEddy,6/21/18,19,7,1,1,1,2,594,642,48,4,8.5,,26481,219,HU,,1,2,,1,2,,,,,,,,1,2,,,,,
,BigEddy,6/21/18,19,8,1,1,1,2,773,834,61,4,8.5,,26481,220,HU,,1,4,,1,4,,,,,,,,1,4,,,,,
,BigEddy,6/22/18,20,1,1,2,1,2,799,858,59,4,8.5,,26432,221,HU,,1,4,,1,4,,,,,,,,1,4,,,,,
,BigEddy,6/22/18,20,2,2,2,2,2,870,938,68,4,8.5,,26432,222,HU,,1,5,,1,5,,,,,,,,1,5,,,,,
,BigEddy,6/22/18,20,3,2,2,2,2,777,834,57,4,8.5,,26432,223,HU,,1,3,,1,3,,,,,,,,1,3,,,,,
,BigEddy,6/22/18,20,4,2,1,2,2,839,904,65,4,8.5,,26432,224,HU,,1,4,,1,4,,,,,,,,1,4,,,,,
,BigEddy,6/22/18,20,5,1,1,1,2,618,669,51,4,8.5,,26432,225,HU,,1,2,,1,2,,,,,,,,1,2,,,,,
,BigEddy,6/22/18,20,6,1,1,1,2,752,819,67,4,8.5,,26432,226,HU,,,3,9,,3,9,,,,,,,,3,9,,,,
,BigEddy,6/23/18,21,1,2,2,2,2,905,965,60,4,8.5,,26477,227,EW,,1,5,,1,5,,,,,,,,1,5,,,,,
,BigEddy,6/23/18,21,2,1,2,1,2,857,923,66,4,8.5,,26477,228,EW,,1,4,,1,4,,,,,,,,1,4,,,,,
,BigEddy,6/23/18,21,3,1,1,1,2,652,705,53,4,8.5,,26477,229,EW,,1,2,,1,2,,,,,,,,1,2,,,,,
,BigEddy,6/23/18,21,4,2,2,2,2,885,957,72,4,8.5,,26477,230,EW,,1,4,,1,4,,,,,,,,1,4,,,,,
,BigEddy,6/23/18,21,5,1,1,1,2,845,918,73,4,8.5,,26477,231,EW,,1,4,,1,4,,,,,,,,1,4,,,,,
,BigEddy,6/23/18,21,6,2,1,2,2,816,876,60,4,8.5,,26477,232,EW,,1,4,,1,4,,,,,,,,1,4,,,,,
,BigEddy,6/23/18,21,7,1,2,1,2,853,920,67,4,8.5,,26477,233,EW,,1,4,,1,4,,,,,,,,1,4,,,,,
,BigEddy,6/23/18,21,8,1,1,1,2,849,916,67,4,8.5,,26477,234,EW,,1,4,,1,4,,,,,,,,1,4,,,,,
,BigEddy,6/23/18,21,9,2,1,2,2,808,871,63,4,8.5,,26477,235,EW,,1,4,,1,4,,,,,,,,1,4,,,,,
,BigEddy,6/23/18,21,10,1,2,1,2,858,919,61,4,8.5,,26477,236,EW,,1,4,,1,4,,,,,,,,1,4,,,,,
,BigEddy,6/23/18,22,1,2,2,2,2,772,819,47,4,8.5,,26415,237,EW,,1,3,,1,3,,,,,,,,1,3,,,,,
,BigEddy,6/23/18,22,2,1,1,1,2,871,932,61,4,8.5,,26415,238,EW,,1,4,,1,4,,,,,,,,1,4,,,,,
,BigEddy,6/24/18,23,1,1,2,1,2,785,843,58,4,8.5,,26472,239,EW,,1,4,,1,4,,,,,,,,1,4,,,,,
,BigEddy,6/24/18,23,2,2,2,2,2,888,946,58,4,8.5,,26472,240,EW,,1,4,,1,4,,,,,,,,1,4,,,,,
,BigEddy,6/25/18,24,1,1,1,1,2,788,865,77,4,8.5,,26488,241,ML,,1,3,,1,3,,,,,,,,1,3,,, , , 
,BigEddy,6/25/18,24,2,2,2,2,2,827,881,54,4,8.5,,26488,242,EW,,1,4,,1,4,,,,,,,,1,4,,, , , 
,BigEddy,6/25/18,24,3,1,1,1,2,821,885,64,4,8.5,,26488,243,EW,,1,4,,1,4,,,,,,,,1,4,,, , , 
,BigEddy,6/25/18,24,4,2,2,2,2,831,895,64,4,8.5,,26488,244,EW,,1,4,,1,4,,,,,,,,1,4,,, , , 
,BigEddy,6/26/18,25,1,1,2,1,2,868,942,74,4,8.5,,26473,245,DJ,,,,3,,,3,,,,,,,,,3,, , , 
,BigEddy,6/26/18,25,2,2,2,2,2,844,899,55,4,8.5,,26473,246,DJ,,1,4,,1,4,,,,,,,,1,4,,, , , 
,BigEddy,6/26/18,25,3,1,1,1,2,863,934,71,4,8.5,,26473,247,MT,,1,3,,1,4,,,,,,,,1,4,,, ,N, 
,BigEddy,6/26/18,25,4,2,2,2,2,807,868,61,4,8.5,,26473,248,MT,,1,4,,1,4,,,,,,,,1,4,,, , , 
,BigEddy,6/26/18,25,5,1,1,1,2,772,837,65,4,8.5,,26473,249,MT,,1,3,,1,3,,,,,,,,1,3,,, , , 
,BigEddy,6/26/18,25,6,1,1,1,2,665,718,53,4,8.5,,26473,250,MT,,1,2,,1,3,,,,,,,,1,3,,, ,N, 
,BigEddy,6/26/18,25,7,2,2,2,2,815,875,60,4,8.5,,26473,251,MT,,1,4,,1,4,,,,,,,,1,4,,, , , 
,BigEddy,6/26/18,25,8,2,2,2,2,823,877,54,4,8.5,,26473,252,MT,,1,3,,1,3,,,,,,,,1,3,,, , , 
,BigEddy,6/26/18,25,9,2,2,2,2,844,902,58,4,8.5,,26473,253,MT,,1,4,,1,4,,,,,,,,1,4,,, , , 
,BigEddy,6/27/18,26,1,2,2,2,2,821,883,62,4,8.5,,26434,254,DJ,,1,3,,1,3,,,,,,,,1,3,,, , , 
,BigEddy,6/27/18,26,2,2,1,2,2,803,863,60,4,8.5,,26434,255,DJ,,1,3,,1,3,,,,,,,,1,3,,, , , 
,BigEddy,6/27/18,26,3,1,1,1,2,812,887,75,4,8.5,,26434,256,DJ,,1,3,,1,3,,,,,,,,1,3,,, , , 
,BigEddy,6/27/18,26,4,2,1,2,2,760,813,53,4,8.5,,26434,257,DJ,,,4,9,,4,9,,,,,,,,4,9,, , , 
,BigEddy,6/27/18,26,5,2,2,2,2,798,849,51,4,8.5,,26434,258,DJ,,1,3,,1,3,,,,,,,,1,3,,, , , 
,BigEddy,6/27/18,26,6,1,1,1,2,728,802,74,4,8.5,,26434,259,ML,,1,3,,1,3,,,,,,,,1,3,,, , , 
,BigEddy,6/27/18,26,7,1,1,1,2,757,827,70,4,8.5,,26434,260,ML,,1,3,,1,3,,,,,,,,1,3,,, , , 
,BigEddy,6/27/18,26,8,2,2,2,2,836,895,59,4,8.5,,26434,261,ML,,1,4,,1,4,,,,,,,,1,4,,, , , 
,BigEddy,6/27/18,26,9,2,2,2,2,784,835,51,4,8.5,,26434,262,ML,,1,3,,1,3,,,,,,,,1,3,,, , , 
,BigEddy,6/28/18,27,1,1,1,1,2,826,879,53,4,8.5,,26484,263,DJ,,1,4,,1,4,,,,,,,,1,4,,, , , 
,BigEddy,6/28/18,27,2,2,2,2,2,821,878,57,4,8.5,,26484,264,DJ,,1,3,,1,3,,,,,,,,1,3,,, , , 
,BigEddy,6/28/18,27,3,1,1,1,2,522,558,36,4,8.5,,26484,265,DJ,,1,2,,1,2,,,,,,,,1,2,,, , , 
,BigEddy,6/28/18,27,4,1,1,1,2,819,886,67,4,8.5,,26484,266,DJ,,1,4,,1,4,,,,,,,,1,4,,, , , 
,BigEddy,6/28/18,27,5,1,1,1,2,583,627,44,4,8.5,,26484,267,DJ,,1,2,,1,2,,,,,,,,,2,9,,N, ,N
,BigEddy,6/28/18,27,6,2,1,2,2,700,748,48,4,8.5,,26484,268,DJ,,1,3,,1,3,,,,,,,,1,3,,, , , 
,BigEddy,6/28/18,27,7,1,1,1,2,626,678,52,4,8.5,,26484,269,DJ,,1,4,,1,4,,,,,,,,1,4,,, , , 
,BigEddy,6/28/18,27,8,2,1,2,2,761,816,55,4,8.5,,26484,270,DJ,,1,4,,1,4,,,,,,,,1,4,,, , , 
,BigEddy,6/28/18,27,9,2,1,2,2,626,677,51,4,8.5,,26484,271,DJ,,1,3,,1,3,,,,,,,,1,3,,, , , 
,BigEddy,6/28/18,27,10,1,1,1,2,818,882,64,4,8.5,,26484,272,DJ,,1,3,,1,4,,,,,,,,1,4,,, ,N, 
,BigEddy,6/28/18,28,1,2,2,2,2,888,943,55,4,8.5,No more Otoliths and Genetic collected,,,MT,,1,4,,1,4,,,,,,,,1,4,,, , , 
,BigEddy,6/28/18,28,2,2,2,2,2,775,831,56,4,8.5,,,,MT,,1,4,,1,4,,,,,,,,1,4,,, , , 
,BigEddy,6/28/18,28,3,2,2,2,2,828,878,50,4,8.5,,,,MT,,1,4,,1,4,,,,,,,,1,4,,, , , 
,BigEddy,6/28/18,28,4,2,2,2,2,854,914,60,4,8.5,,,,MT,,1,4,,1,4,,,,,,,,1,4,,, , , 
,BigEddy,6/28/18,28,5,2,2,2,2,786,841,55,4,8.5,,,,MT,,1,4,,1,4,,,,,,,,1,4,,, , , 
,BigEddy,6/29/18,29,1,1,1,1,2,883,957,74,4,8.5,,,,ML,,1,3,,1,4,,,,,,,,1,4,,, ,N, 
,BigEddy,6/29/18,29,2,2,1,2,2,686,735,49,4,8.5,,,,ML,YES,1,4,,1,4,,,,,,,,1,4,,, , , 
,BigEddy,6/29/18,29,3,2,2,2,2,844,911,67,4,8.5,,,,ML,,1,4,,1,4,,,,,,,,1,4,,, , , 
,BigEddy,6/29/18,29,4,2,2,2,2,854,905,51,4,8.5,,,,ML,,1,4,,1,4,,,,,,,,1,4,,, , , 
,BigEddy,6/29/18,29,5,2,2,2,2,819,877,58,4,8.5,,,,ML,,1,3,,1,4,,,,,,,,1,4,,, ,N, 
,BigEddy,6/29/18,29,6,2,2,2,2,707,762,55,4,8.5,,,,ML,,1,3,,1,3,,,,,,,,1,3,,, , , 
,BigEddy,6/29/18,29,7,1,1,1,2,660,707,47,4,8.5,,,,ML,,1,3,,1,3,,,,,,,,1,3,,, , , 
,BigEddy,6/29/18,29,8,1,1,1,2,700,752,52,4,8.5,,,,ML,,1,4,,1,3,,,,,,,,1,3,,, ,N, 
,BigEddy,6/29/18,29,9,2,2,2,2,,,,4,8.5,"lengths deleted, METF 875, FL 838",,,ML,,1,4,,1,4,,,,,,,,1,4,,, , , 
,BigEddy,6/29/18,29,10,1,1,1,2,876,945,69,4,8.5,,,,ML,,2,4,,2,4,,,,,,,,2,4,,, , , 
,BigEddy,6/29/18,30,1,1,1,1,2,555,596,41,4,8.5,,,,ML,,1,2,,1,2,,,,,,,,1,2,,, , , 
,BigEddy,6/30/18,31,1,1,2,1,2,856,912,56,4,8.5,,,,,,1,4,,1,4,,,,,,,,1,4,,, , , 
,BigEddy,6/30/18,31,2,1,1,1,2,635,687,52,4,8.5,,,,,,1,3,,1,3,,,,,,,,1,3,,, , , 
,BigEddy,6/30/18,31,3,1,1,1,2,643,702,59,4,8.5,,,,,,1,3,,1,3,,,,,,,,1,3,,, , , 
,BigEddy,6/30/18,31,4,1,1,1,2,705,766,61,4,8.5,,,,,,1,3,,1,3,,,,,,,,1,3,,, , , 
,BigEddy,6/30/18,31,5,2,2,2,2,778,835,57,4,8.5,,,,,,1,3,,1,3,,,,,,,,1,3,,, , , 
,BigEddy,6/30/18,31,6,2,2,2,2,833,891,58,4,8.5,,,,,,1,4,,1,4,,,,,,,,1,4,,, , , 
,BigEddy,6/30/18,31,7,2,2,2,2,874,935,61,4,8.5,,,,,,1,4,,1,4,,,,,,,,1,4,,, , , 
,BigEddy,6/30/18,31,8,1,2,1,2,889,956,67,4,8.5,,,,,,1,4,,1,4,,,,,,,,1,4,,, , , 
,BigEddy,6/30/18,31,9,1,2,1,2,952,1032,80,4,8.5,,,,,,1,4,,1,4,,,,,,,,1,4,,, , , 
,BigEddy,6/30/18,31,10,1,2,1,2,952,1035,83,4,8.5,,,,,,1,4,,1,4,,,,,,,,1,4,,, , , 
,BigEddy,6/30/18,32,1,1,1,1,2,774,837,63,4,8.5,,,,,,1,4,,1,4,,,,,,,,1,4,,, , , 
,BigEddy,6/30/18,32,2,1,1,1,2,649,705,56,4,8.5,,,,,,1,2,,1,2,,,,,,,,1,3,,, ,N, 
,BigEddy,6/30/18,32,3,2,2,2,2,878,945,67,4,8.5,,,,,,1,4,,1,4,,,,,,,,1,4,,, , , 
,BigEddy,6/30/18,32,4,1,1,1,2,777,839,62,4,8.5,,,,,,1,4,,1,4,,,,,,,,1,4,,, , , 
,BigEddy,6/30/18,32,5,1,1,1,2,840,919,79,4,8.5,,,,,,1,3,,1,3,,,,,,,,1,3,,, , , 
,BigEddy,6/30/18,32,6,1,1,1,2,862,934,72,4,8.5,,,,,,1,4,,1,4,,,,,,,,1,4,,, , , 
,BigEddy,6/30/18,32,7,1,1,1,2,616,667,51,4,8.5,,,,,,1,3,,1,3,,,,,,,,1,3,,, , , 
,BigEddy,6/30/18,32,8,2,2,2,2,833,893,60,4,8.5,,,,,,1,4,,1,4,,,,,,,,1,4,,, , , 
,BigEddy,7/1/18,33,1,1,1,1,2,716,778,62,4,8.5,,,,EW,,,3,9,,3,9,,,,,,,,3,9,, , , 
,BigEddy,7/1/18,33,2,2,2,2,2,899,1003,104,4,8.5,,,,EW,,1,4,,1,4,,,,,,,,1,4,,, , , 
,BigEddy,7/1/18,33,3,2,2,2,2,837,901,64,4,8.5,,,,EW,,,,3,,,3,,,,,,,,,3,, , , 
,BigEddy,7/1/18,33,4,2,2,2,2,888,942,54,4,8.5,,,,EW,,1,4,,1,4,,,,,,,,1,4,,, , , 
,BigEddy,7/1/18,33,5,2,2,2,2,768,822,54,4,8.5,,,,EW,,1,3,,,3,9,,,,,,,,3,9,,N, ,N
,BigEddy,7/1/18,33,6,1,1,1,2,817,892,75,4,8.5,,,,EW,,1,3,,1,4,,,,,,,,1,4,,, ,N, 
,BigEddy,7/1/18,33,7,2,1,2,2,749,809,60,4,8.5,,,,EW,,1,4,,1,3,,,,,,,,1,3,,, ,N, 
,BigEddy,7/1/18,33,8,1,1,1,2,712,768,56,4,8.5,,,,EW,,1,3,,1,3,,,,,,,,1,3,,, , , 
,BigEddy,7/1/18,33,9,2,2,2,2,853,906,53,4,8.5,,,,EW,,1,4,,1,4,,,,,,,,1,4,,, , , 
,BigEddy,7/1/18,33,10,1,1,1,2,726,792,66,4,8.5,,,,EW,,1,3,,1,3,,,,,,,,1,3,,, , , 
,BigEddy,7/1/18,34,1,1,1,1,2,1003,1098,95,4,8.5,,,,ML,,1,4,,1,4,,,,,,,,1,4,,, , , 
,BigEddy,7/1/18,34,2,1,1,1,2,710,773,63,4,8.5,,,,ML,,1,3,,1,3,,,,,,,,1,3,,, , , 
,BigEddy,7/1/18,34,3,1,1,1,2,778,832,54,4,8.5,,,,ML,,1,3,,1,3,,,,,,,,,3,9,,N, ,N
,BigEddy,7/1/18,34,4,1,1,1,2,617,665,48,4,8.5,,,,ML,,,,3,,,3,,,,,,,,,3,, , , 
,BigEddy,7/1/18,34,5,2,1,2,2,653,702,49,4,8.5,,,,ML,,1,3,,1,3,,,,,,,,1,3,,, , , 
,BigEddy,7/1/18,34,6,1,1,1,2,901,1003,102,4,8.5,,,,ML,,1,4,,1,4,,,,,,,,1,4,,, , , 
,BigEddy,7/1/18,34,7,2,2,2,2,834,900,66,4,8.5,,,,ML,,1,4,,1,4,,,,,,,,1,4,,, , , 
,BigEddy,7/1/18,34,8,2,2,2,2,875,927,52,4,8.5,,,,ML,,1,4,,1,4,,,,,,,,1,4,,, , , 
,BigEddy,7/1/18,34,9,2,2,2,2,782,836,54,4,8.5,,,,ML,,1,4,,1,4,,,,,,,,1,4,,, , , 
,BigEddy,7/1/18,34,10,1,1,1,2,617,657,40,4,8.5,,,,ML,,1,2,,1,2,,,,,,,,1,2,,, , , 
,BigEddy,7/1/18,35,1,1,1,1,2,725,783,58,4,8.5,,,,ML,,1,3,,1,3,,,,,,,,1,3,,, , , 
,BigEddy,7/1/18,35,2,2,2,2,2,819,877,58,4,8.5,,,,ML,,1,4,,1,4,,,,,,,,1,4,,, , , 
,BigEddy,7/1/18,35,3,2,2,2,2,833,895,62,4,8.5,,,,ML,,1,4,,1,4,,,,,,,,1,4,,, , , 
,BigEddy,7/1/18,35,4,2,2,2,2,790,842,52,4,8.5,,,,ML,,1,4,,1,4,,,,,,,,1,4,,, , , 
,BigEddy,7/1/18,35,5,1,1,1,2,627,675,48,4,8.5,,,,ML,,1,3,,1,3,,,,,,,,1,3,,, , , 
,BigEddy,7/2/18,36,1,2,2,2,2,736,786,50,4,8.5,,,,ML,,1,4,,1,4,,,,,,,,1,4,,, , , 
,BigEddy,7/2/18,36,2,2,2,2,2,850,906,56,4,8.5,,,,ML,,1,4,,1,4,,,,,,,,1,4,,, , , 
,BigEddy,7/2/18,36,3,2,2,2,2,874,939,65,4,8.5,,,,ML,,1,4,,1,4,,,,,,,,,4,9,,N, ,N
,BigEddy,7/2/18,36,4,2,2,2,2,826,880,54,4,8.5,,,,ML,,1,3,,1,4,,,,,,,,1,4,,, ,N, 
,BigEddy,7/2/18,36,5,1,2,1,2,754,817,63,4,8.5,,,,ML,,1,3,,1,3,,,,,,,,1,3,,, , , 
,BigEddy,7/2/18,36,6,1,1,1,2,711,768,57,4,8.5,,,,ML,,1,2,,1,3,,,,,,,,1,3,,, ,N, 
,BigEddy,7/2/18,36,7,1,1,1,2,600,652,52,4,8.5,,,,ML,,1,2,,1,2,,,,,,,,1,2,,, , , 
,BigEddy,7/2/18,36,8,1,1,1,2,739,793,54,4,8.5,,,,ML,,1,3,,1,3,,,,,,,,1,3,,, , , 
,BigEddy,7/2/18,36,9,1,1,1,2,570,616,46,4,8.5,,,,ML,,1,3,,1,3,,,,,,,,1,3,,, , , 
,BigEddy,7/2/18,36,10,1,1,1,2,758,821,63,4,8.5,,,,ML,,1,3,,1,3,,,,,,,,1,3,,, , , 
,BigEddy,7/2/18,37,1,1,1,1,2,628,672,44,4,8.5,,,,ML,,1,2,,1,2,,,,,,,,1,2,,, , , 
,BigEddy,7/2/18,37,2,1,1,1,2,899,1011,112,4,8.5,,,,ML,,1,4,,1,4,,,,,,,,1,4,,, , , 
,BigEddy,7/2/18,37,3,1,1,1,2,787,856,69,4,8.5,,,,ML,,1,4,,1,4,,,,,,,,,4,9,,N, ,N
,BigEddy,7/2/18,37,4,2,2,2,2,935,1020,85,4,8.5,,,,ML,,1,5,,1,5,,,,,,,,1,5,,, , , 
,BigEddy,7/2/18,37,5,2,2,2,2,798,859,61,4,8.5,,,,ML,,1,3,,1,3,,,,,,,,1,3,,, , , 
,BigEddy,7/2/18,37,6,2,2,2,2,845,906,61,4,8.5,,,,ML,,1,4,,1,4,,,,,,,,2,4,,,N, , 
,BigEddy,7/2/18,37,7,1,1,1,2,869,944,75,4,8.5,,,,ML,,1,3,,1,4,,,,,,,,1,4,,, ,N, 
,BigEddy,7/2/18,37,8,2,2,2,2,822,882,60,4,8.5,,,,ML,,1,4,,1,4,,,,,,,,1,4,,, , , 
,BigEddy,7/2/18,37,9,2,2,2,2,849,905,56,4,8.5,,,,ML,,1,4,,1,4,,,,,,,,1,4,,, , , 
,BigEddy,7/2/18,37,10,2,2,2,2,802,856,54,4,8.5,,,,ML,,1,3,,1,3,,,,,,,,1,3,,, , , 
,BigEddy,7/2/18,38,1,1,1,1,2,615,663,48,4,8.5,,,,ML,,1,3,,1,3,,,,,,,,1,3,,, , , 
,BigEddy,7/2/18,38,2,1,1,1,2,668,724,56,4,8.5,,,,ML,,1,3,,1,3,,,,,,,,1,3,,, , , 
,BigEddy,7/2/18,38,3,1,1,1,2,706,769,63,4,8.5,,,,ML,,1,3,,1,3,,,,,,,,1,3,,, , , 
,BigEddy,7/2/18,38,4,1,1,1,2,917,999,82,4,8.5,,,,ML,,1,4,,1,4,,,,,,,,1,4,,, , , 
,BigEddy,7/2/18,38,5,1,2,1,2,835,898,63,4,8.5,,,,ML,,1,4,,1,4,,,,,,,,1,4,,, , , 
,BigEddy,7/2/18,38,6,1,1,1,2,735,809,74,4,8.5,,,,ML,,1,3,,1,3,,,,,,,,1,3,,, , , 
,BigEddy,7/2/18,38,7,1,1,1,2,778,855,77,4,8.5,,,,ML,,1,3,,1,3,,,,,,,,1,3,,, , , 
,BigEddy,7/2/18,38,8,1,1,1,2,727,785,58,4,8.5,,,,ML,,1,3,,1,3,,,,,,,,1,3,,, , , 
,BigEddy,7/2/18,38,9,1,1,1,2,830,889,59,4,8.5,,,,ML,,1,4,,1,4,,,,,,,,1,4,,, , , 
,BigEddy,7/2/18,38,10,2,2,2,2,836,890,54,4,8.5,,,,ML,,1,4,,1,4,,,,,,,,1,4,,, , , 
,BigEddy,7/3/18,39,1,1,1,1,2,591,639,48,4,8.5,,,,EW,,1,2,,1,2,,,,,,,,1,2,,, , , 
,BigEddy,7/3/18,39,2,2,2,2,2,857,917,60,4,8.5,,,,EW,,1,4,,1,4,,,,,,,,1,4,,, , , 
,BigEddy,7/3/18,39,3,2,1,2,2,665,713,48,4,8.5,,,,EW,,1,3,,1,3,,,,,,,,1,3,,, , , 
,BigEddy,7/3/18,39,4,2,2,2,2,810,862,52,4,8.5,,,,EW,,1,4,,1,4,,,,,,,,1,4,,, , , 
,BigEddy,7/3/18,39,5,1,1,1,2,761,830,69,4,8.5,,,,EW,,,3,9,,3,9,,,,,,,,3,9,, , , 
,BigEddy,7/3/18,39,6,1,1,1,2,943,1028,85,4,8.5,,,,EW,,1,4,,1,4,,,,,,,,1,4,,, , , 
,BigEddy,7/3/18,39,7,2,2,2,2,835,889,54,4,8.5,,,,EW,,1,4,,1,4,,,,,,,,,4,9,,N, ,N
,BigEddy,7/3/18,39,8,1,1,1,2,850,927,77,4,8.5,,,,EW,,1,4,,1,4,,,,,,,,1,4,,, , , 
,BigEddy,7/3/18,39,9,2,2,2,2,791,844,53,4,8.5,,,,EW,,1,3,,1,3,,,,,,,,1,3,,, , , 
,BigEddy,7/3/18,39,10,2,,2,2,828,889,61,4,8.5,No Internal Sex recorded,,,,,1,4,,1,4,,,,,,,,1,4,,, , , 
,BigEddy,7/3/18,40,1,1,1,1,2,494,531,37,4,8.5,,,,,,1,2,,1,2,,,,,,,,1,2,,, , , 
,BigEddy,7/3/18,40,2,2,2,2,2,534,572,38,4,8.5,,,,,,1,2,,1,2,,,,,,,,1,2,,, , , 
,BigEddy,7/4/18,41,1,1,1,1,2,878,949,71,4,8.5,,,,ML,,1,4,,1,4,,,,,,,,1,4,,, , , 
,BigEddy,7/4/18,41,2,2,2,2,2,866,929,63,4,8.5,,,,ML,,1,4,,1,4,,,,,,,,1,4,,, , , 
,BigEddy,7/4/18,41,3,2,2,2,2,840,897,57,4,8.5,,,,ML,,1,4,,1,4,,,,,,,,1,4,,, , , 
,BigEddy,7/4/18,41,4,2,2,2,2,856,914,58,4,8.5,,,,ML,,,4,9,,4,9,,,,,,,,4,9,, , , 
,BigEddy,7/5/18,42,1,1,1,1,2,553,595,42,4,8.5,,,,MT,,1,2,,1,2,,,,,,,,1,2,,, , , 
,BigEddy,7/5/18,42,2,2,2,2,2,762,825,63,4,8.5,,,,MT,,1,3,,1,3,,,,,,,,1,3,,, , , 
,BigEddy,7/5/18,42,3,2,2,2,2,827,890,63,4,8.5,,,,MT,,1,4,,1,4,,,,,,,,1,4,,, , , 
,BigEddy,7/5/18,42,4,2,2,2,2,774,830,56,4,8.5,,,,ML,,1,3,,1,3,,,,,,,,1,3,,, , , 
,BigEddy,7/5/18,42,5,2,2,2,2,806,865,59,4,8.5,,,,ML,,1,3,,1,3,,,,,,,,1,3,,, , , 
,BigEddy,7/5/18,42,6,1,1,1,2,805,886,81,4,8.5,,,,ML,,1,4,,1,4,,,,,,,,1,4,,, , , 
,BigEddy,7/5/18,42,7,2,2,2,2,916,1003,87,4,8.5,,,,ML,,,4,9,,4,9,,,,,,,,4,9,, , , 
,BigEddy,7/6/18,43,1,1,1,1,2,815,885,70,4,8.5,,,,MT,,1,4,,1,4,,,,,,,,,,,,,,
,BigEddy,7/8/18,44,1,1,1,1,2,841,917,76,4,8.5,,,,MT,,1,4,,1,4,,,,,,,,,,,,,,
,BigEddy,7/8/18,44,2,1,1,1,2,916,969,53,4,8.5,,,,MT,,1,4,,1,4,,,,,,,,,,,,,,
,BigEddy,7/8/18,44,3,2,2,2,2,845,903,58,4,8.5,,,,MT,,1,4,,1,4,,,,,,,,,,,,,,
,BigEddy,7/8/18,44,4,2,2,2,2,823,879,56,4,8.5,,,,MT,,1,4,,1,4,,,,,,,,,,,,,,
,BigEddy,7/8/18,44,5,2,2,2,2,739,794,55,4,8.5,,,,ML,,1,4,,1,4,,,,,,,,,,,,,,
,BigEddy,7/8/18,44,6,1,1,1,2,655,708,53,4,8.5,,,,ML,,1,3,,1,3,,,,,,,,,,,,,,
,BigEddy,7/8/18,44,7,1,1,1,2,737,798,61,4,8.5,,,,ML,,1,3,,1,3,,,,,,,,,,,,,,
,BigEddy,7/8/18,44,8,1,1,1,2,892,982,90,4,8.5,,,,ML,,1,4,,1,4,,,,,,,,,,,,,,
,BigEddy,7/9/18,45,1,2,2,2,2,675,720,45,4,8.5,,,,ML,,1,3,,1,3,,,,,,,,,,,,,,
,MiddleMouth,6/7/18,1,1,2,1,1,2,800,862,62,4,8.5,,,,HU,,,,,1,4,,,,,,,,1,4,,,,,
,MiddleMouth,6/8/18,2,1,1,,1,1,832,893,61,4,8.5,,,,DM,,,,,1,4,,,,,,,,1,4,,,,,
,MiddleMouth,6/9/18,3,1,1,2,2,2,821,879,58,4,8.5,,26386,1,HU,,1,4,,1,4,,,,,,,,1,4,,,,,
,MiddleMouth,6/9/18,3,2,2,2,2,2,856,916,60,4,8.5,,26386,2,HU,,1,4,,1,4,,,,,,,,1,4,,,,,
,MiddleMouth,6/12/18,4,1,2,2,2,2,850,907,57,4,8.5,,26390,3,,,1,4,,1,4,,,,,,,,1,4,,,,,
,MiddleMouth,6/13/18,5,1,1,2,2,2,789,850,61,4,8.5,,26394,4,DM,,1,4,,1,4,,,,,,,,1,4,,,,,
,MiddleMouth,6/14/18,6,1,2,2,2,2,869,931,62,4,8.5,,26382,5,DM,,1,4,,1,4,,,,,,,,1,4,,,,,
,MiddleMouth,6/15/18,7,1,1,2,2,2,783,859,76,4,8.5,,26385,6,MS,,1,4,,1,4,,,,,,,,1,4,,,,,
,MiddleMouth,6/16/18,8,1,1,2,2,2,894,973,79,4,8.5,,26389,7,RW,,1,4,,1,4,,,,,,,,1,4,,,,,
,MiddleMouth,6/16/18,8,2,2,2,2,2,836,900,64,4,8.5,,26389,8,RW,,,4,9,,4,9,,,,,,,,4,9,,,,
,MiddleMouth,6/16/18,8,3,2,2,2,2,781,841,60,4,8.5,,26389,9,RW,,,,3,,,3,,,,,,,,,3,,,,
,MiddleMouth,6/16/18,8,4,2,1,1,2,678,727,49,4,8.5,,26389,10,RW,,1,3,,1,3,,,,,,,,1,3,,,,,
,MiddleMouth,6/16/18,8,5,2,2,2,2,860,919,59,4,8.5,,26389,11,RW,,2,4,,1,4,,,,,,,,1,4,,,,,
,MiddleMouth,6/16/18,8,6,2,2,2,2,809,860,51,4,8.5,,26389,12,RW,,1,4,,1,4,,,,,,,,1,4,,,,,
,MiddleMouth,6/16/18,8,7,1,1,1,2,802,879,77,4,8.5,,26389,13,RW,,1,3,,1,3,,,,,,,,1,3,,,,,
,MiddleMouth,6/16/18,8,8,2,2,2,2,854,915,61,4,8.5,,26389,14,RW,,,4,9,,4,9,,,,,,,,4,9,,,,
,MiddleMouth,6/16/18,8,9,1,1,1,2,826,907,81,4,8.5,,26389,15,RW,,1,3,,1,3,,,,,,,,1,3,,,,,
,MiddleMouth,6/16/18,9,10,1,1,1,2,648,691,43,4,8.5,,26389,16,RW,,,2,9,,2,9,,,,,,,,2,9,,,,
,MiddleMouth,6/16/18,9,1,2,2,2,2,783,839,56,4,8.5,,26393,17,RW,,1,3,,1,3,,,,,,,,1,3,,,,,
,MiddleMouth,6/16/18,9,2,1,2,2,2,857,917,60,4,8.5,,26393,18,DM,,1,4,,1,4,,,,,,,,1,4,,,,,
,MiddleMouth,6/16/18,9,3,1,1,1,2,838,909,71,4,8.5,,26393,19,DM,,1,4,,1,4,,,,,,,,1,4,,,,,
,MiddleMouth,6/16/18,9,4,1,2,2,2,924,1009,85,4,8.5,,26393,20,DM,,1,4,,1,4,,,,,,,,1,4,,,,,
,MiddleMouth,6/16/18,9,5,2,1,1,2,818,876,58,4,8.5,,26393,21,DM,,1,4,,1,4,,,,,,,,1,4,,,,,
,MiddleMouth,6/16/18,9,6,2,2,2,2,833,894,61,4,8.5,,26393,22,DM,,1,4,,1,4,,,,,,,,1,4,,,,,
,MiddleMouth,6/17/18,10,1,1,1,1,2,805,869,64,4,8.5,,26388,23,MS,,2,3,,2,3,,,,,,,,2,3,,,,,
,MiddleMouth,6/17/18,10,2,2,2,2,2,770,826,56,4,8.5,,26388,24,MS,,1,3,,1,3,,,,,,,,1,3,,,,,
,MiddleMouth,6/17/18,10,3,1,1,1,2,845,911,66,4,8.5,,26388,25,MS,,1,4,,1,4,,,,,,,,1,4,,,,,
,MiddleMouth,6/17/18,10,4,2,2,2,2,885,950,65,4,8.5,,26388,26,MS,,1,4,,1,4,,,,,,,,1,4,,,,,
,MiddleMouth,6/17/18,10,5,2,2,2,2,870,921,51,4,8.5,,26388,27,MS,,1,4,,1,4,,,,,,,,1,4,,,,,
,MiddleMouth,6/17/18,10,6,1,1,1,2,817,890,73,4,8.5,,26388,28,MS,,1,3,,1,3,,,,,,,,1,3,,,,,
,MiddleMouth,6/17/18,10,7,1,1,1,2,636,683,47,4,8.5,,26388,29,MS,,1,4,,1,4,,,,,,,,1,3,,,,,
,MiddleMouth,6/17/18,10,8,1,1,1,2,827,903,76,4,8.5,,26388,30,MS,,1,4,,1,4,,,,,,,,1,4,,,,,
,MiddleMouth,6/17/18,10,9,1,1,1,2,767,829,62,4,8.5,,26388,31,MS,,1,3,,1,3,,,,,,,,1,3,,,,,
,MiddleMouth,6/17/18,10,10,2,1,1,2,728,790,62,4,8.5,,26388,32,MS,,1,4,,1,4,,,,,,,,1,4,,,,,
,MiddleMouth,6/17/18,11,1,1,1,1,2,727,790,63,4,8.5,,26397,33,MS,,1,3,,1,3,,,,,,,,1,3,,,,,
,MiddleMouth,6/17/18,11,2,1,1,1,2,771,834,63,4,8.5,,26397,34,MS,,1,3,,1,3,,,,,,,,1,3,,,,,
,MiddleMouth,6/17/18,11,3,2,2,2,2,820,880,60,4,8.5,,26397,35,MS,,1,4,,1,4,,,,,,,,1,4,,,,,
,MiddleMouth,6/17/18,11,4,2,2,2,2,865,927,62,4,8.5,,26397,36,MS,,1,4,,1,4,,,,,,,,1,4,,,,,
,MiddleMouth,6/17/18,11,5,1,1,1,2,882,948,66,4,8.5,,26397,37,MS,,1,4,,1,4,,,,,,,,1,4,,,,,
,MiddleMouth,6/17/18,11,6,2,2,2,2,850,914,64,4,8.5,,26397,38,MS,,1,4,,1,4,,,,,,,,1,4,,,,,
,MiddleMouth,6/17/18,11,7,2,2,2,2,835,893,58,4,8.5,,26397,39,MS,,1,4,,1,4,,,,,,,,1,4,,,,,
,MiddleMouth,6/17/18,11,8,2,2,2,2,811,872,61,4,8.5,,26397,40,MS,,1,4,,1,4,,,,,,,,1,4,,,,,
,MiddleMouth,6/17/18,11,9,1,1,1,2,677,725,48,4,8.5,,26397,41,MS,,1,3,,1,3,,,,,,,,1,3,,,,,
,MiddleMouth,6/17/18,11,10,1,2,2,2,867,926,59,4,8.5,,26397,42,MS,,1,4,,1,4,,,,,,,,1,4,,,,,
,MiddleMouth,6/17/18,12,1,2,2,2,2,860,919,59,4,8.5,,26384,43,MS,,1,4,,1,4,,,,,,,,1,4,,,,,
,MiddleMouth,6/17/18,12,2,1,2,2,2,875,944,69,4,8.5,,26384,44,MS,,1,4,,1,4,,,,,,,,1,4,,,,,
,MiddleMouth,6/17/18,12,3,2,2,2,2,793,851,58,4,8.5,,26384,45,MS,,1,4,,1,4,,,,,,,,1,4,,,,,
,MiddleMouth,6/17/18,12,4,1,1,1,2,783,844,61,4,8.5,,26384,46,MS,,,,3,,,3,,,,,,,,,3,,,,
,MiddleMouth,6/17/18,12,5,2,1,1,2,666,729,63,4,8.5,,26384,47,MS,,,,3,,,3,,,,,,,,,3,,,,
,MiddleMouth,6/17/18,12,6,2,2,2,2,864,931,67,4,8.5,,26384,48,MS,,,4,,,4,,,,,,,,,4,,,,,
,MiddleMouth,6/17/18,12,7,2,1,1,2,655,708,53,4,8.5,,26384,49,MS,,1,3,,1,3,,,,,,,,1,3,,,,,
,MiddleMouth,6/17/18,12,8,2,2,2,2,815,880,65,4,8.5,,26384,50,MS,,1,3,,1,3,,,,,,,,1,3,,,,,
,MiddleMouth,6/17/18,12,9,2,2,2,2,789,853,64,4,8.5,,26384,51,MS,,1,4,,1,4,,,,,,,,1,4,,,,,
,MiddleMouth,6/17/18,12,10,2,2,2,2,779,832,53,4,8.5,,26384,52,MS,,2,3,,2,3,,,,,,,,1,3,,,,,
,MiddleMouth,6/18/18,13,1,1,2,2,2,900,963,63,4,8.5,,26407,53,dm,,1,4,,1,4,,,,,,,,1,4,,,,,
,MiddleMouth,6/18/18,13,2,1,2,2,2,910,961,51,4,8.5,,26407,54,dm,,1,4,,1,4,,,,,,,,1,4,,,,,
,MiddleMouth,6/18/18,13,3,2,2,2,2,825,888,63,4,8.5,,26407,55,dm,,1,4,,1,4,,,,,,,,1,4,,,,,
,MiddleMouth,6/18/18,13,4,2,2,2,2,776,846,70,4,8.5,,26407,56,dm,,1,3,,1,3,,,,,,,,1,3,,,,,
,MiddleMouth,6/18/18,13,5,2,2,2,2,870,936,66,4,8.5,,26407,57,dm,,1,4,,1,4,,,,,,,,1,4,,,,,
,MiddleMouth,6/18/18,13,6,1,1,1,2,877,935,58,4,8.5,,26407,58,dm,,,4,9,,4,9,,,,,,,,4,9,,,,
,MiddleMouth,6/18/18,13,7,1,1,1,2,822,896,74,4,8.5,,26407,59,dm,,1,3,,1,3,,,,,,,,1,3,,,,,
,MiddleMouth,6/18/18,13,8,1,2,2,2,783,841,58,4,8.5,,26407,60,dm,,1,4,,1,4,,,,,,,,1,4,,,,,
,MiddleMouth,6/18/18,13,9,2,2,2,2,826,880,54,4,8.5,,26407,61,dm,,1,4,,1,4,,,,,,,,1,4,,,,,
,MiddleMouth,6/18/18,13,10,1,2,2,2,856,922,66,4,8.5,,26407,62,dm,,1,4,,1,4,,,,,,,,1,4,,,,,
,MiddleMouth,6/18/18,14,1,1,1,1,2,765,828,63,4,8.5,,26392,63,dm,,,,3,,,3,,,,,,,,,3,,,,
,MiddleMouth,6/18/18,14,2,1,1,1,2,897,975,78,4,8.5,,26392,64,dm,,1,4,,1,4,,,,,,,,1,4,,,,,
,MiddleMouth,6/18/18,14,3,1,1,1,2,788,857,69,4,8.5,,26392,65,dm,,1,4,,1,4,,,,,,,,1,4,,,,,
,MiddleMouth,6/19/18,15,1,1,1,1,2,693,755,62,4,8.5,,26396,66,rw,,,,3,,,3,,,,,,,,,3,,,,
,MiddleMouth,6/19/18,15,2,2,2,2,2,795,853,58,4,8.5,,26396,67,rw,,1,3,,1,3,,,,,,,,1,3,,,,,
,MiddleMouth,6/19/18,15,3,1,1,1,2,880,955,75,4,8.5,,26396,68,rw,,1,3,,1,3,,,,,,,,1,3,,,,,
,MiddleMouth,6/19/18,15,4,2,1,1,2,802,864,62,4,8.5,,26396,69,rw,,1,4,,1,4,,,,,,,,1,4,,,,,
,MiddleMouth,6/19/18,15,5,2,1,1,2,766,827,61,4,8.5,,26396,70,rw,,1,3,,1,3,,,,,,,,1,3,,,,,
,MiddleMouth,6/19/18,15,6,2,1,1,2,883,945,62,4,8.5,,26396,71,rw,,,,3,,,3,,,,,,,,,3,,,,
,MiddleMouth,6/19/18,15,7,1,2,2,2,824,888,64,4,8.5,,26396,72,rw,,1,3,,1,3,,,,,,,,1,3,,,,,
,MiddleMouth,6/19/18,15,8,1,2,2,2,902,975,73,4,8.5,,26396,73,rw,,1,4,,1,4,,,,,,,,1,4,,,,,
,MiddleMouth,6/19/18,15,9,2,2,2,2,860,918,58,4,8.5,,26396,74,rw,,1,4,,1,4,,,,,,,,1,4,,,,,
,MiddleMouth,6/19/18,15,10,,2,2,2,909,978,69,4,8.5,,26396,75,,,1,4,,1,4,,,,,,,,1,4,,,,,
,MiddleMouth,6/19/18,16,1,2,1,1,2,725,786,61,4,8.5,,26399,76,rw,,1,3,,1,3,,,,,,,,1,3,,,,,
,MiddleMouth,6/19/18,16,2,1,1,1,2,774,835,61,4,8.5,,26399,77,rw,,1,4,,1,4,,,,,,,,1,4,,,,,
,MiddleMouth,6/19/18,16,3,1,1,1,2,795,863,68,4,8.5,,26399,78,MS,,1,3,,1,3,,,,,,,,1,3,,,,,
,MiddleMouth,6/19/18,16,4,2,2,2,2,797,851,54,4,8.5,,26399,79,MS,,1,4,,1,4,,,,,,,,1,4,,,,,
,MiddleMouth,6/19/18,16,5,1,2,2,2,822,881,59,4,8.5,,26399,80,MS,,1,3,,1,3,,,,,,,,1,3,,,,,
,MiddleMouth,6/19/18,16,6,1,1,1,2,786,841,55,4,8.5,,26399,81,MS,,1,4,,1,4,,,,,,,,1,4,,,,,
,MiddleMouth,6/19/18,16,7,1,1,1,2,685,739,54,4,8.5,,26399,82,MS,,1,3,,1,3,,,,,,,,1,3,,,,,
,MiddleMouth,6/19/18,16,8,1,1,1,2,726,794,68,4,8.5,,26399,83,MS,,1,3,,1,3,,,,,,,,1,3,,,,,
,MiddleMouth,6/19/18,16,9,1,1,1,2,663,720,57,4,8.5,,26399,84,MS,,1,3,,1,3,,,,,,,,1,3,,,,,
,MiddleMouth,6/20/18,17,1,2,2,2,2,834,899,65,4,8.5,,26412,85,RW,,1,4,,1,4,,,,,,,,1,4,,,,,
,MiddleMouth,6/20/18,17,2,2,2,2,2,878,940,62,4,8.5,,26412,86,RW,,1,4,,1,4,,,,,,,,1,4,,,,,
,MiddleMouth,6/20/18,17,3,2,2,2,2,786,848,62,4,8.5,,26412,87,RW,,1,4,,1,4,,,,,,,,1,4,,,,,
,MiddleMouth,6/20/18,17,4,1,1,1,2,686,737,51,4,8.5,,26412,88,RW,,1,4,,1,4,,,,,,,,1,4,,,,,
,MiddleMouth,6/20/18,17,5,2,1,1,2,901,975,74,4,8.5,,26412,89,RW,,,,3,,,3,,,,,,,,,3,,,,
,MiddleMouth,6/20/18,17,6,2,2,2,2,818,891,73,4,8.5,,26412,90,RW,,1,4,,1,4,,,,,,,,1,4,,,,,
,MiddleMouth,6/20/18,17,7,1,2,2,2,827,891,64,4,8.5,,26412,91,RW,,1,4,,1,4,,,,,,,,1,3,,,,,
,MiddleMouth,6/20/18,17,8,1,1,1,2,774,834,60,4,8.5,,26412,92,RW,,,,3,,,3,,,,,,,,3,9,,,,
,MiddleMouth,6/20/18,17,9,2,2,2,2,774,832,58,4,8.5,,26412,93,RW,,1,4,,1,4,,,,,,,,1,4,,,,,
,MiddleMouth,6/20/18,17,10,1,1,1,2,604,652,48,4,8.5,,26412,94,RW,,1,3,,1,3,,,,,,,,1,3,,,,,
,MiddleMouth,6/20/18,18,1,2,2,2,2,826,879,53,4,8.5,,26402,95,RW,,1,4,,1,4,,,,,,,,1,4,,,,,
,MiddleMouth,6/20/18,18,2,2,2,2,2,802,858,56,4,8.5,,26402,96,RW,,1,4,,1,4,,,,,,,,1,4,,,,,
,MiddleMouth,6/20/18,18,3,1,2,2,2,831,891,60,4,8.5,,26402,97,RW,,,,3,,,3,,,,,,,,,3,,,,
,MiddleMouth,6/20/18,18,4,1,2,2,2,833,901,68,4,8.5,,26402,98,RW,,1,4,,1,4,,,,,,,,1,4,,,,,
,MiddleMouth,6/20/18,18,5,1,1,1,2,819,887,68,4,8.5,,26402,99,RW,,1,4,,1,4,,,,,,,,1,4,,,,,
,MiddleMouth,6/20/18,18,6,2,2,2,2,850,912,62,4,8.5,,26402,100,MS,,,,3,,,3,,,,,,,,,3,,,,
,MiddleMouth,6/20/18,18,7,2,2,2,2,884,953,69,4,8.5,,26402,,MS,,1,4,,1,4,,,,,,,,1,4,,,,,
,MiddleMouth,6/20/18,18,8,2,2,2,2,845,908,63,4,8.5,,26402,,MS,,1,4,,1,4,,,,,,,,1,4,,,,,
,MiddleMouth,6/20/18,18,9,1,2,2,2,916,993,77,4,8.5,,26402,,MS,,1,4,,1,4,,,,,,,,1,4,,,,,
,MiddleMouth,6/20/18,18,10,2,2,2,2,849,906,57,4,8.5,,26402,,MS,,1,4,,1,4,,,,,,,,1,4,,,,,
,MiddleMouth,6/20/18,19,1,1,1,1,2,739,805,66,4,8.5,,26408,,MS,,1,4,,1,4,,,,,,,,1,4,,,,,
,MiddleMouth,6/20/18,19,2,1,1,1,2,855,923,68,4,8.5,,26408,,MS,,1,4,,1,4,,,,,,,,1,4,,,,,
,MiddleMouth,6/20/18,19,3,2,2,2,2,846,910,64,4,8.5,,26408,,MS,,1,4,,1,4,,,,,,,,1,4,,,,,
,MiddleMouth,6/20/18,19,4,2,2,2,2,848,915,67,4,8.5,,26408,,MS,,1,4,,1,4,,,,,,,,1,4,,,,,
,MiddleMouth,6/20/18,19,5,2,1,1,2,792,847,55,4,8.5,,26408,,MS,,1,4,,1,4,,,,,,,,1,4,,,,,
,MiddleMouth,6/20/18,19,6,1,1,1,2,876,945,69,4,8.5,,26408,301,DM,,1,4,,1,4,,,,,,,,1,4,,,,,
,MiddleMouth,6/20/18,19,7,2,2,2,2,861,920,59,4,8.5,,26408,302,DM,,1,4,,1,4,,,,,,,,1,4,,,,,
,MiddleMouth,6/20/18,19,8,2,2,2,2,929,1004,75,4,8.5,,26408,303,DM,,1,3,,1,4,,,,,,,,1,4,,,,,
,MiddleMouth,6/20/18,19,9,1,1,1,2,888,965,77,4,8.5,,26408,304,DM,,,,3,,,3,,,,,,,,,3,,,,
,MiddleMouth,6/20/18,19,10,1,1,1,2,863,933,70,4,8.5,,26408,305,DM,,1,4,,1,4,,,,,,,,1,4,,,,,
,MiddleMouth,6/21/18,20,1,2,2,2,2,821,874,53,4,8.5,,26412,306,DM,,1,3,,1,3,,,,,,,,1,3,,,,,
,MiddleMouth,6/21/18,20,2,2,2,2,2,777,838,61,4,8.5,,26412,307,DM,,1,4,,1,4,,,,,,,,1,4,,,,,
,MiddleMouth,6/21/18,20,3,2,1,1,2,860,925,65,4,8.5,,26412,308,DM,,1,4,,1,4,,,,,,,,1,4,,,,,
,MiddleMouth,6/21/18,20,4,1,1,1,2,722,789,67,4,8.5,,26412,309,DM,,,,4,,,4,,,,,,,,,4,,,,
,MiddleMouth,6/21/18,20,5,2,1,1,2,744,799,55,4,8.5,,26412,310,DM,,1,4,,1,4,,,,,,,,1,4,,,,,
,MiddleMouth,6/21/18,20,6,1,1,1,2,800,866,66,4,8.5,,26412,311,DM,,1,4,,1,4,,,,,,,,1,4,,,,,
,MiddleMouth,6/21/18,20,7,2,2,2,2,811,870,59,4,8.5,,26412,312,DM,,1,4,,1,4,,,,,,,,1,4,,,,,
,MiddleMouth,6/21/18,20,8,1,1,1,2,743,796,53,4,8.5,,26412,313,DM,,,,3,,3,9,,,,,,,,3,9,,,,
,MiddleMouth,6/21/18,20,9,1,2,2,2,836,892,56,4,8.5,,26412,314,DM,,1,4,,1,4,,,,,,,,1,4,,,,,
,MiddleMouth,6/21/18,20,10,1,1,1,2,829,903,74,4,8.5,,26412,315,DM,,,,4,1,4,,,,,,,,1,4,,,,,
,MiddleMouth,6/21/18,21,1,1,1,1,2,767,815,48,4,8.5,,26402,316,DM,,1,4,,1,4,,,,,,,,1,4,,,,,
,MiddleMouth,6/21/18,21,2,2,2,2,2,888,948,60,4,8.5,,26402,317,DM,,1,4,,1,4,,,,,,,,1,4,,,,,
,MiddleMouth,6/21/18,21,3,1,2,2,2,821,888,67,4,8.5,,26402,318,DM,,1,4,,1,4,,,,,,,,1,4,,,,,
,MiddleMouth,6/21/18,21,4,2,2,2,2,850,918,68,4,8.5,,26402,319,DM,,1,5,,1,5,,,,,,,,1,5,,,,,
,MiddleMouth,6/21/18,21,5,1,1,1,2,813,883,70,4,8.5,,26402,320,RW,,1,4,,1,4,,,,,,,,1,4,,,,,
,MiddleMouth,6/21/18,21,6,2,2,2,2,901,967,66,4,8.5,,26402,321,RW,,,4,9,,4,9,,,,,,,,4,9,,,,
,MiddleMouth,6/21/18,21,7,2,2,2,2,820,875,55,4,8.5,,26402,322,RW,,1,4,,1,4,,,,,,,,1,4,,,,,
,MiddleMouth,6/21/18,21,8,1,2,2,2,795,850,55,4,8.5,,26402,323,RW,,,,3,1,4,,,,,,,,1,4,,,,,
,MiddleMouth,6/21/18,21,9,1,1,1,2,889,972,83,4,8.5,,26402,324,RW,,1,4,,1,4,,,,,,,,1,4,,,,,
,MiddleMouth,6/21/18,21,10,1,1,1,2,728,787,59,4,8.5,,26402,325,RW,,1,4,,1,4,,,,,,,,1,4,,,,,
,MiddleMouth,6/21/18,22,1,1,1,1,2,835,900,65,4,8.5,,26408,326,RW,,1,3,,1,3,,,,,,,,1,3,,,,,
,MiddleMouth,6/21/18,22,2,2,2,2,2,924,1000,76,4,8.5,,26408,327,RW,,1,4,,1,4,,,,,,,,1,4,,,,,
,MiddleMouth,6/21/18,22,3,2,2,2,2,791,853,62,4,8.5,,26408,328,MS,,1,4,,1,4,,,,,,,,1,4,,,,,
,MiddleMouth,6/21/18,22,4,2,2,2,2,800,841,41,4,8.5,,26408,329,MS,,,4,9,,4,9,,,,,,,,4,9,,,,
,MiddleMouth,6/21/18,22,5,2,2,2,2,831,888,57,4,8.5,,26408,330,MS,,1,4,,1,4,,,,,,,,1,4,,,,,
,MiddleMouth,6/21/18,22,6,1,2,2,2,856,912,56,4,8.5,,26408,331,MS,,,,3,,,3,,,,,,,,,3,,,,
,MiddleMouth,6/21/18,22,7,2,2,2,2,795,854,59,4,8.5,,26408,332,MS,,1,3,,1,3,,,,,,,,1,3,,,,,
,MiddleMouth,6/21/18,22,8,2,2,2,2,809,872,63,4,8.5,,26408,333,MS,,1,4,,1,4,,,,,,,,1,4,,,,,
,MiddleMouth,6/21/18,22,9,1,1,1,2,832,899,67,4,8.5,,26408,334,MS,,1,3,,1,3,,,,,,,,1,3,,,,,
,MiddleMouth,6/21/18,22,10,2,1,1,2,841,908,67,4,8.5,,26408,335,MS,,1,3,,1,3,,,,,,,,1,3,,,,,
,MiddleMouth,6/22/18,23,1,2,2,2,2,815,871,56,4,8.5,,26400,336,RW,,,4,9,,4,9,,,,,,,,4,9,, , , 
,MiddleMouth,6/22/18,23,2,2,2,2,2,809,865,56,4,8.5,,26400,337,RW,,1,3,,1,3,,,,,,,,1,3,,, , , 
,MiddleMouth,6/22/18,23,3,1,1,1,2,862,940,78,4,8.5,,26400,338,RW,,1,4,,1,4,,,,,,,,1,4,,, , , 
,MiddleMouth,6/22/18,23,4,2,1,1,2,777,839,62,4,8.5,,26400,339,RW,,1,3,,1,3,,,,,,,,1,3,,, , , 
,MiddleMouth,6/22/18,23,5,2,2,2,2,862,927,65,4,8.5,,26400,340,RW,,1,4,,1,4,,,,,,,,1,4,,, , , 
,MiddleMouth,6/22/18,23,6,2,2,2,2,780,832,52,4,8.5,,26400,341,RW,,,4,9,,4,9,,,,,,,,4,9,, , , 
,MiddleMouth,6/22/18,23,7,2,2,2,2,866,925,59,4,8.5,,26400,342,RW,,,5,9,,5,9,,,,,,,,4,9,, ,N, 
,MiddleMouth,6/22/18,23,8,2,2,2,2,852,917,65,4,8.5,,26400,343,RW,,1,4,,1,4,,,,,,,,1,4,,, , , 
,MiddleMouth,6/22/18,23,9,2,2,2,2,837,892,55,4,8.5,,26400,344,RW,,,4,9,1,4,,,,,,,,1,4,,,N, ,N
,MiddleMouth,6/22/18,23,10,2,1,1,2,765,819,54,4,8.5,,26404,345,RW,,1,3,,1,3,,,,,,,,1,3,,, , , 
,MiddleMouth,6/22/18,24,1,1,2,2,2,785,837,52,4,8.5,,26404,346,RW,,,4,9,,4,9,,,,,,,1,4,,,N, ,N
,MiddleMouth,6/22/18,24,2,1,2,2,2,842,904,62,4,8.5,,26404,347,RW,,1,4,,1,4,,,,,,,,1,4,,, , , 
,MiddleMouth,6/22/18,24,3,1,2,2,2,817,877,60,4,8.5,,26404,348,RW,,1,3,,1,3,,,,,,,,1,3,,, , , 
,MiddleMouth,6/22/18,24,4,2,2,2,2,822,875,53,4,8.5,,26404,349,RW,,1,4,,1,4,,,,,,,,1,4,,, , , 
,MiddleMouth,6/22/18,24,5,2,2,2,2,849,911,62,4,8.5,,26404,350,RW,,1,4,,1,4,,,,,,,,1,4,,, , , 
,MiddleMouth,6/22/18,24,6,1,2,2,2,798,862,64,4,8.5,,26404,351,RW,,,3,9,,3,9,,,,,,,,3,9,, , , 
,MiddleMouth,6/22/18,24,7,1,1,1,2,678,732,54,4,8.5,,26404,352,RW,,1,3,,1,3,,,,,,,,1,3,,, , , 
,MiddleMouth,6/22/18,24,8,2,2,2,2,828,886,58,4,8.5,,26404,353,RW,,1,4,,1,4,,,,,,,,1,4,,, , , 
,MiddleMouth,6/22/18,24,9,2,2,2,2,784,838,54,4,8.5,,26404,354,RW,,1,3,,1,3,,,,,,,,1,3,,, , , 
,MiddleMouth,6/22/18,24,10,2,2,2,2,802,853,51,4,8.5,,26404,355,RW,,1,4,,1,4,,,,,,,,1,4,,, , , 
,MiddleMouth,6/22/18,25,1,2,2,2,2,868,932,64,4,8.5,,26413,356,RW,,1,3,,1,3,,,,,,,,1,4,,, ,N, 
,MiddleMouth,6/22/18,25,2,1,1,1,2,815,877,62,4,8.5,,26413,357,RW,,1,4,,1,4,,,,,,,,1,4,,, , , 
,MiddleMouth,6/22/18,25,3,2,2,2,2,835,893,58,4,8.5,,26413,358,MS,,1,4,,1,4,,,,,,,,1,4,,, , , 
,MiddleMouth,6/22/18,25,4,1,1,1,2,679,736,57,4,8.5,,26413,359,MS,,1,3,,1,3,,,,,,,,1,3,,, , , 
,MiddleMouth,6/22/18,25,5,1,1,1,2,795,860,65,4,8.5,,26413,360,MS,,1,4,,1,4,,,,,,,,1,4,,, , , 
,MiddleMouth,6/22/18,25,6,2,2,2,2,854,911,57,4,8.5,,26413,361,MS,,1,5,,1,5,,,,,,,,1,5,,, , , 
,MiddleMouth,6/22/18,25,7,1,1,1,2,752,818,66,4,8.5,,26413,362,MS,,1,3,,1,3,,,,,,,,1,3,,, , , 
,MiddleMouth,6/22/18,25,8,1,1,1,2,741,805,64,4,8.5,,26413,363,MS,,1,3,,1,3,,,,,,,,1,3,,, , , 
,MiddleMouth,6/22/18,25,9,2,2,2,2,811,869,58,4,8.5,,26413,364,MS,,,4,9,,4,9,,,,,,,1,4,,,N, ,N
,MiddleMouth,6/22/18,25,10,1,1,1,2,649,702,53,4,8.5,,26413,365,MS,,,,3,,,3,,,,,,,,,3,, , , 
,MiddleMouth,6/23/18,26,1,1,2,2,2,781,833,52,4,8.5,,26409,366,MS,,1,3,,1,3,,,,,,,,1,3,,, , , 
,MiddleMouth,6/23/18,26,2,2,2,2,2,823,875,52,4,8.5,,26409,367,MS,,1,4,,1,4,,,,,,,,1,4,,, , , 
,MiddleMouth,6/23/18,26,3,2,2,2,2,869,932,63,4,8.5,,26409,368,MS,,1,4,,1,4,,,,,,,,1,4,,, , , 
,MiddleMouth,6/23/18,26,4,1,2,2,2,767,825,58,4,8.5,,26409,369,MS,,1,3,,1,3,,,,,,,,1,3,,, , , 
,MiddleMouth,6/23/18,26,5,1,2,2,2,817,878,61,4,8.5,,26409,370,MS,,1,4,,1,4,,,,,,,,1,4,,, , , 
,MiddleMouth,6/23/18,26,6,2,2,2,2,885,942,57,4,8.5,,26409,371,MS,,1,5,,1,5,,,,,,,,1,4,,, ,N, 
,MiddleMouth,6/23/18,26,7,1,1,1,2,749,809,60,4,8.5,,26409,372,MS,,1,3,,1,3,,,,,,,,1,3,,, , , 
,MiddleMouth,6/23/18,26,8,2,2,2,2,856,917,61,4,8.5,,26409,373,MS,,1,4,,1,4,,,,,,,,1,3,,, ,N, 
,MiddleMouth,6/23/18,26,9,1,2,2,2,838,893,55,4,8.5,,26409,374,MS,,1,4,,1,4,,,,,,,,1,4,,, , , 
,MiddleMouth,6/23/18,26,10,1,1,1,2,867,899,32,4,8.5,,26409,375,MS,,1,4,,1,4,,,,,,,,1,4,,, , , 
,MiddleMouth,6/23/18,27,1,2,2,2,2,832,886,54,4,8.5,,26405,376,MS,,1,4,,1,4,,,,,,,,1,4,,, , , 
,MiddleMouth,6/23/18,27,2,1,2,2,2,814,871,57,4,8.5,,26405,377,MS,,1,4,,1,4,,,,,,,,1,4,,, , , 
,MiddleMouth,6/23/18,27,3,1,1,1,2,494,532,38,4,8.5,,26405,378,MS,,1,2,,1,2,,,,,,,,1,2,,, , , 
,MiddleMouth,6/23/18,27,4,1,1,1,2,606,650,44,4,8.5,,26405,379,MS,,1,3,,1,3,,,,,,,,1,3,,, , , 
,MiddleMouth,6/23/18,27,5,1,1,1,2,810,885,75,4,8.5,,26405,380,MS,,,4,9,,4,9,,,,,,,,4,9,, , , 
,MiddleMouth,6/23/18,27,6,1,1,1,2,759,816,57,4,8.5,,26405,381,MS,,1,3,,1,3,,,,,,,,1,3,,, , , 
,MiddleMouth,6/23/18,27,7,1,2,2,2,893,970,77,4,8.5,,26405,382,MS,,,4,9,,4,9,,,,,,,1,4,,,N, ,N
,MiddleMouth,6/23/18,27,8,2,2,2,2,729,783,54,4,8.5,,26405,383,MS,,,4,9,,3,9,,,,,,,1,3,,,N,N,N
,MiddleMouth,6/23/18,27,9,2,2,2,2,871,937,66,4,8.5,,26405,384,MS,,,4,9,,4,9,,,,,,,1,4,,,N, ,N
,MiddleMouth,6/23/18,27,10,2,2,2,2,905,970,65,4,8.5,,26405,385,MS,,1,5,,1,5,,,,,,,,1,4,,, ,N, 
,MiddleMouth,6/23/18,28,1,2,1,1,2,780,839,59,4,8.5,,26395,386,DM,,1,4,,1,4,,,,,,,,1,4,,, , , 
,MiddleMouth,6/23/18,28,2,1,2,2,2,861,917,56,4,8.5,,26395,387,DM,,1,4,,1,4,,,,,,,,1,4,,, , , 
,MiddleMouth,6/23/18,28,3,1,2,2,2,830,888,58,4,8.5,,26395,388,DM,,1,3,,1,4,,,,,,,,1,4,,, ,N, 
,MiddleMouth,6/23/18,28,4,1,1,1,2,777,809,32,4,8.5,,26395,389,DM,,1,3,,1,3,,,,,,,,1,3,,, , , 
,MiddleMouth,6/23/18,28,5,1,2,2,2,831,897,66,4,8.5,,26395,390,DM,,1,3,,1,3,,,,,,,,1,3,,, , , 
,MiddleMouth,6/23/18,28,6,2,2,2,2,870,933,63,4,8.5,,26395,391,DM,,1,4,,1,4,,,,,,,,1,4,,, , , 
,MiddleMouth,6/23/18,28,7,1,1,1,2,820,875,55,4,8.5,,26395,392,DM,,1,4,,1,4,,,,,,,,1,4,,, , , 
,MiddleMouth,6/23/18,28,8,2,2,2,2,817,875,58,4,8.5,,26395,393,DM,,1,4,,1,4,,,,,,,,1,4,,, , , 
,MiddleMouth,6/23/18,28,9,2,2,2,2,847,904,57,4,8.5,,26395,394,DM,,1,4,,1,4,,,,,,,,1,4,,, , , 
,MiddleMouth,6/23/18,28,10,2,2,2,2,823,880,57,4,8.5,,26395,395,DM,,1,4,,1,4,,,,,,,,1,4,,, , , 
,MiddleMouth,6/24/18,29,1,2,2,2,2,783,842,59,4,8.5,,26410,396,MS,,,3,9,1,3,,,,,,,,1,3,,,N, ,N
,MiddleMouth,6/24/18,29,2,1,2,2,2,797,860,63,4,8.5,,26410,397,MS,,1,4,,1,4,,,,,,,,1,4,,, , , 
,MiddleMouth,6/24/18,29,3,2,2,2,2,,,,4,8.5,"Confirmed lengths with written record, lengths deleted, METF 893, FL 849",26410,398,MS,,1,4,,1,4,,,,,,,,1,4,,, , , 
,MiddleMouth,6/24/18,29,4,2,2,2,2,744,847,103,4,8.5,,26410,399,MS,,1,3,,1,3,,,,,,,,1,3,,, , , 
,MiddleMouth,6/24/18,29,5,1,2,2,2,811,872,61,4,8.5,,26410,400,MS,,1,4,,1,4,,,,,,,,1,4,,, , , 
,MiddleMouth,6/24/18,29,6,2,2,2,2,830,894,64,4,8.5,,26410,401,MS,,1,4,,1,4,,,,,,,,1,4,,, , , 
,MiddleMouth,6/24/18,29,7,2,2,2,2,,,,4,8.5,"Confirmed lengths with written record, lengths deleted, METF 895, FL 855",26410,402,MS,,1,4,,1,4,,,,,,,,1,4,,, , , 
,MiddleMouth,6/24/18,29,8,1,1,1,2,611,652,41,4,8.5,,26410,403,MS,,1,3,,1,3,,,,,,,,1,3,,, , , 
,MiddleMouth,6/24/18,29,9,2,2,2,2,782,857,75,4,8.5,,26410,404,MS,,1,4,,1,4,,,,,,,,1,4,,, , , 
,MiddleMouth,6/24/18,29,10,2,2,2,2,812,870,58,4,8.5,,26410,405,MS,,1,3,,1,3,,,,,,,,1,3,,, , , 
,MiddleMouth,6/24/18,30,1,2,2,2,2,865,917,52,4,8.5,,26406,406,MS,,1,3,,1,3,,,,,,,,1,3,,, , , 
,MiddleMouth,6/24/18,30,2,2,2,2,2,803,861,58,4,8.5,,26406,407,MS,,1,4,,1,4,,,,,,,,1,4,,, , , 
,MiddleMouth,6/24/18,30,3,1,1,1,2,749,800,51,4,8.5,,26406,408,MS,,1,3,,1,3,,,,,,,,1,3,,, , , 
,MiddleMouth,6/24/18,30,4,2,2,2,2,797,853,56,4,8.5,,26406,409,MS,,,4,9,1,4,,,,,,,,1,4,,,N, ,N
,MiddleMouth,6/24/18,30,5,2,2,2,2,813,879,66,4,8.5,,26406,410,MS,,1,4,,1,4,,,,,,,,1,4,,, , , 
,MiddleMouth,6/24/18,30,6,1,1,1,2,904,973,69,4,8.5,,26406,411,MS,,1,4,,1,4,,,,,,,,1,4,,, , , 
,MiddleMouth,6/24/18,30,7,1,1,1,2,794,850,56,4,8.5,,26406,412,MS,,1,2,,1,2,,,,,,,,1,3,,, ,N, 
,MiddleMouth,6/24/18,30,8,1,1,1,2,841,905,64,4,8.5,,26406,413,MS,,1,3,,1,3,,,,,,,,1,3,,, , , 
,MiddleMouth,6/24/18,30,9,2,2,2,2,597,645,48,4,8.5,,26406,414,MS,,1,4,,1,3,,,,,,,,1,3,,, ,N, 
,MiddleMouth,6/24/18,30,10,1,2,2,2,686,742,56,4,8.5,,26406,415,MS,,1,3,,1,3,,,,,,,,1,3,,, , , 
,MiddleMouth,6/24/18,31,1,1,2,2,2,770,828,58,4,8.5,,26391,416,DM,,2,4,,1,4,,,,,,,,1,4,,,N, , 
,MiddleMouth,6/24/18,31,2,2,2,2,2,788,842,54,4,8.5,,26391,417,DM,,1,4,,1,4,,,,,,,,1,4,,, , , 
,MiddleMouth,6/24/18,31,3,2,2,2,2,790,857,67,4,8.5,,26391,418,DM,,1,3,,1,4,,,,,,,,1,4,,, ,N, 
,MiddleMouth,6/24/18,31,4,1,1,1,2,652,704,52,4,8.5,,26391,419,DM,,1,3,,1,3,,,,,,,,1,3,,, , , 
,MiddleMouth,6/24/18,31,5,1,1,1,2,701,758,57,4,8.5,,26391,420,DM,,,3,9,,3,9,,,,,,,,3,9,, , , 
,MiddleMouth,6/24/18,31,6,1,1,1,2,657,724,67,4,8.5,,26391,421,DM,,1,3,,1,3,,,,,,,,1,3,,, , , 
,MiddleMouth,6/24/18,31,7,2,2,2,2,808,868,60,4,8.5,,26391,422,DM,,1,4,,1,4,,,,,,,,1,4,,, , , 
,MiddleMouth,6/24/18,31,8,1,1,1,2,789,859,70,4,8.5,,26391,423,DM,,1,4,,1,4,,,,,,,,1,4,,, , , 
,MiddleMouth,6/24/18,31,9,2,2,2,2,825,886,61,4,8.5,,26391,424,DM,,1,4,,1,4,,,,,,,,1,4,,, , , 
,MiddleMouth,6/24/18,31,10,1,1,1,2,693,752,59,4,8.5,,26391,425,DM,,1,3,,1,3,,,,,,,,1,3,,, , , 
,MiddleMouth,6/25/18,32,1,2,2,2,2,834,845,11,4,8.5,,26401,426,MT,,1,4,,1,4,,,,,,,,1,4,,, , , 
,MiddleMouth,6/25/18,32,2,2,2,2,2,804,864,60,4,8.5,,26401,427,MT,,,4,9,,4,9,,,,,,,1,4,,,N, ,N
,MiddleMouth,6/25/18,32,3,1,1,1,2,623,670,47,4,8.5,,26401,428,MT,,1,3,,1,3,,,,,,,,1,3,,, , , 
,MiddleMouth,6/25/18,32,4,1,1,1,2,605,654,49,4,8.5,,26401,429,MT,,,3,9,,3,9,,,,,,,1,3,,,N, ,N
,MiddleMouth,6/25/18,32,5,2,2,2,2,777,834,57,4,8.5,,26401,430,MS,,1,4,,1,4,,,,,,,,1,4,,, , , 
,MiddleMouth,6/25/18,32,6,2,2,2,2,877,934,57,4,8.5,,26401,431,MS,,1,4,,1,4,,,,,,,,1,4,,, , , 
,MiddleMouth,6/25/18,32,7,1,1,1,2,755,813,58,4,8.5,,26401,432,MS,,1,3,,1,3,,,,,,,,1,3,,, , , 
,MiddleMouth,6/26/18,33,1,2,2,2,2,810,865,55,4,8.5,,26436,433,,,1,4,,1,4,,,,,,,,1,4,,, , , 
,MiddleMouth,6/26/18,33,2,1,2,2,2,918,980,62,4,8.5,,26436,434,,,1,5,,1,5,,,,,,,,1,5,,, , , 
,MiddleMouth,6/26/18,33,3,1,1,1,2,716,784,68,4,8.5,,26436,435,,,1,3,,1,3,,,,,,,,1,3,,, , , 
,MiddleMouth,6/26/18,33,4,2,2,2,2,856,919,63,4,8.5,,26436,436,,,1,4,,1,3,,,,,,,,1,4,,, , , 
,MiddleMouth,6/26/18,33,5,2,2,2,2,839,899,60,4,8.5,,26436,437,,,1,4,,1,4,,,,,,,,1,4,,, , , 
,MiddleMouth,6/26/18,33,6,1,1,1,2,733,792,59,4,8.5,,26436,438,,,1,4,,1,4,,,,,,,,1,4,,, , , 
,MiddleMouth,6/26/18,33,7,2,2,2,2,892,964,72,4,8.5,,26436,439,,,1,4,,,4,9,,,,,,,1,4,,, , , 
,MiddleMouth,6/26/18,33,8,1,2,2,2,814,883,69,4,8.5,,26436,440,,,1,4,,1,4,,,,,,,,1,4,,, , , 
,MiddleMouth,6/26/18,33,9,1,1,1,2,808,885,77,4,8.5,,26436,441,,,1,3,,1,3,,,,,,,,1,3,,, , , 
,MiddleMouth,6/26/18,33,10,2,2,2,2,812,865,53,4,8.5,,26436,442,,,1,4,,1,4,,,,,,,,1,4,,, , , 
,MiddleMouth,6/26/18,34,1,1,1,1,2,864,928,64,4,8.5,,26437,443,,,1,4,,1,4,,,,,,,,1,4,,, , , 
,MiddleMouth,6/26/18,34,2,2,1,1,2,746,797,51,4,8.5,,26437,444,,,1,3,,1,3,,,,,,,,1,3,,, , , 
,MiddleMouth,6/26/18,34,3,1,2,2,2,881,944,63,4,8.5,,26437,445,,,1,4,,1,4,,,,,,,,1,4,,, , , 
,MiddleMouth,6/26/18,34,4,1,2,2,2,662,707,45,4,8.5,,26437,446,,,1,3,,1,2,,,,,,,,1,2,,, ,N, 
,MiddleMouth,6/26/18,34,5,2,2,2,2,868,931,63,4,8.5,,26437,447,,,1,4,,1,4,,,,,,,,1,4,,, , , 
,MiddleMouth,6/26/18,34,6,2,2,2,2,830,886,56,4,8.5,,26437,448,,,1,3,,1,3,,,,,,,,1,3,,, , , 
,MiddleMouth,6/26/18,34,7,1,2,2,2,823,883,60,4,8.5,,26437,449,,,,4,9,1,4,,,,,,,,1,4,,,N, ,N
,MiddleMouth,6/26/18,34,8,2,2,2,2,850,908,58,4,8.5,,26437,450,,,1,4,,1,4,,,,,,,,1,4,,, , , 
,MiddleMouth,6/26/18,34,9,1,1,1,2,761,820,59,4,8.5,,26437,451,,,1,4,,1,4,,,,,,,,1,4,,, , , 
,MiddleMouth,6/26/18,34,10,2,2,2,2,897,965,68,4,8.5,,26437,452,,,,4,9,,,4,,,,,,,,,4,, ,N,N
,MiddleMouth,6/26/18,35,1,2,2,2,2,845,895,50,4,8.5,,26458,453,,,1,3,,1,3,,,,,,,,1,3,,, , , 
,MiddleMouth,6/26/18,35,2,2,2,2,2,858,922,64,4,8.5,,26458,454,,,,4,9,1,4,,,,,,,,1,4,,,N, ,N
,MiddleMouth,6/26/18,35,3,2,2,2,2,863,923,60,4,8.5,,26458,455,,,1,4,,1,4,,,,,,,,1,4,,, , , 
,MiddleMouth,6/26/18,35,4,1,2,2,2,803,854,51,4,8.5,,26458,456,,,1,4,,1,4,,,,,,,,1,4,,, , , 
,MiddleMouth,6/26/18,35,5,2,2,2,2,857,918,61,4,8.5,,26458,457,,,1,4,,1,4,,,,,,,,1,4,,, , , 
,MiddleMouth,6/26/18,35,6,1,1,1,2,792,864,72,4,8.5,,26458,458,,,1,3,,1,3,,,,,,,,1,3,,, , , 
,MiddleMouth,6/26/18,35,7,1,2,2,2,859,926,67,4,8.5,,26458,459,,,1,4,,1,4,,,,,,,,1,4,,, , , 
,MiddleMouth,6/26/18,35,8,1,1,1,2,696,764,68,4,8.5,,26458,460,,,1,3,,1,3,,,,,,,,1,3,,, , , 
,MiddleMouth,6/26/18,35,9,1,1,1,2,758,824,66,4,8.5,,26458,461,,,1,3,,1,3,,,,,,,,1,3,,, , , 
,MiddleMouth,6/26/18,35,10,1,1,1,2,871,944,73,4,8.5,,26458,462,,,1,3,,1,3,,,,,,,,1,3,,, , , 
,MiddleMouth,6/27/18,36,1,1,1,1,2,737,796,59,4,8.5,,26462,463,DM,,1,3,,1,3,,,,,,,,1,3,,, , , 
,MiddleMouth,6/27/18,36,2,1,1,1,2,791,857,66,4,8.5,,26462,464,DM,,1,3,,1,3,,,,,,,,1,3,,, , , 
,MiddleMouth,6/27/18,36,3,2,2,2,2,836,891,55,4,8.5,,26462,465,DM,,1,4,,1,4,,,,,,,,1,4,,, , , 
,MiddleMouth,6/27/18,36,4,1,1,1,2,624,672,48,4,8.5,,26462,466,DM,,1,3,,1,3,,,,,,,,1,2,,, ,N, 
,MiddleMouth,6/27/18,36,5,1,1,1,2,832,905,73,4,8.5,,26462,467,DM,,1,4,,1,4,,,,,,,,1,4,,, , , 
,MiddleMouth,6/27/18,36,6,1,1,1,2,824,885,61,4,8.5,,26462,468,DM,,1,4,,1,4,,,,,,,,1,4,,, , , 
,MiddleMouth,6/27/18,36,7,1,1,1,2,721,774,53,4,8.5,,26462,469,DM,,1,3,,1,3,,,,,,,,1,3,,, , , 
,MiddleMouth,6/27/18,36,8,1,1,1,2,660,715,55,4,8.5,,26462,470,DM,,,3,9,1,3,,,,,,,,1,3,,,N, ,N
,MiddleMouth,6/27/18,36,9,1,1,1,2,780,850,70,4,8.5,,26462,471,DM,,1,3,,1,3,,,,,,,,1,3,,, , , 
,MiddleMouth,6/27/18,36,10,2,1,1,2,773,834,61,4,8.5,,26462,472,DM,,1,4,,1,3,,,,,,,,1,3,,, ,N, 
,MiddleMouth,6/27/18,37,1,1,2,2,2,832,890,58,4,8.5,,26466,473,DM,,1,4,,1,4,,,,,,,,1,4,,, , , 
,MiddleMouth,6/27/18,37,2,2,2,2,2,805,867,62,4,8.5,,26466,474,DM,,1,3,,1,3,,,,,,,,1,3,,, , , 
,MiddleMouth,6/27/18,37,3,2,1,1,2,770,828,58,4,8.5,,26466,475,DM,,1,4,,1,4,,,,,,,,1,4,,, , , 
,MiddleMouth,6/27/18,37,4,1,1,1,2,759,828,69,4,8.5,,26466,476,DM,,,3,9,,3,9,,,,,,,,3,9,, , , 
,MiddleMouth,6/27/18,37,5,2,1,1,2,776,833,57,4,8.5,,26466,477,DM,,1,3,,1,3,,,,,,,,1,3,,, , , 
,MiddleMouth,6/27/18,37,6,1,1,1,2,706,768,62,4,8.5,,26466,478,DM,,1,3,,1,3,,,,,,,,1,3,,, , , 
,MiddleMouth,6/27/18,37,7,2,2,2,2,777,836,59,4,8.5,,26466,479,DM,,1,3,,1,3,,,,,,,,1,3,,, , , 
,MiddleMouth,6/27/18,37,8,1,1,1,2,614,656,42,4,8.5,,26466,480,DM,,1,3,,1,3,,,,,,,,1,3,,, , , 
,MiddleMouth,6/27/18,37,9,1,1,1,2,712,772,60,4,8.5,,26466,481,DM,,1,3,,1,3,,,,,,,,1,3,,, , , 
,MiddleMouth,6/27/18,37,10,1,1,1,2,690,750,60,4,8.5,,26466,482,DM,,1,3,,1,3,,,,,,,,1,3,,, , , 
,MiddleMouth,6/27/18,38,1,1,1,1,2,695,745,50,4,8.5,,26470,483,DM,,1,3,,1,3,,,,,,,,1,3,,, , , 
,MiddleMouth,6/27/18,38,2,2,2,2,2,756,798,42,4,8.5,,26470,484,MS,,,3,9,,3,9,,,,,,,,3,9,, , , 
,MiddleMouth,6/27/18,38,3,1,2,2,2,857,904,47,4,8.5,,26470,485,MS,,1,4,,1,4,,,,,,,,1,4,,, , , 
,MiddleMouth,6/27/18,38,4,1,2,2,2,901,993,92,4,8.5,,26470,486,MS,,1,4,,1,4,,,,,,,,1,4,,, , , 
,MiddleMouth,6/27/18,38,5,1,1,1,2,777,833,56,4,8.5,,26470,487,MS,,1,4,,1,4,,,,,,,,1,4,,, , , 
,MiddleMouth,6/27/18,38,6,1,1,1,2,701,755,54,4,8.5,,26470,488,MS,,1,4,,1,4,,,,,,,,1,4,,, , , 
,MiddleMouth,6/27/18,38,7,1,1,1,2,719,782,63,4,8.5,,26470,489,MS,,1,3,,1,3,,,,,,,,1,4,,, ,N, 
,MiddleMouth,6/27/18,38,8,2,2,2,2,790,847,57,4,8.5,,26470,490,MS,,1,3,,1,4,,,,,,,,1,4,,, ,N, 
,MiddleMouth,6/27/18,38,9,1,1,1,2,688,742,54,4,8.5,,26470,491,MS,,,,3,,,3,,,,,,,,,3,, , , 
,MiddleMouth,6/27/18,38,10,1,1,1,2,611,727,116,4,8.5,Confirmed lengths with written record,26470,492,MS,,1,4,,,,4,,,,,,,1,3,,, ,N, 
,MiddleMouth,6/28/18,39,1,1,1,1,2,809,871,62,4,8.5,,26459,493,DM,,1,4,,1,4,,,,,,,,1,4,,, , , 
,MiddleMouth,6/28/18,39,2,2,2,2,2,848,907,59,4,8.5,,26459,494,DM,,1,4,,1,4,,,,,,,,1,4,,, , , 
,MiddleMouth,6/28/18,39,3,2,2,2,2,821,876,55,4,8.5,,26459,495,DM,,1,4,,1,4,,,,,,,,1,4,,, , , 
,MiddleMouth,6/28/18,39,4,1,2,2,2,812,880,68,4,8.5,,26459,496,DM,,1,4,,1,4,,,,,,,,1,4,,, , , 
,MiddleMouth,6/28/18,39,5,1,2,2,2,849,906,57,4,8.5,,26459,497,DM,,1,5,,2,4,,,,,,,,1,4,,, ,N, 
,MiddleMouth,6/28/18,39,6,1,2,2,2,865,932,67,4,8.5,,26459,498,DM,,1,4,,1,4,,,,,,,,1,4,,, , , 
,MiddleMouth,6/28/18,39,7,1,1,1,2,886,950,64,4,8.5,,26459,499,DM,,1,4,,1,4,,,,,,,,1,4,,, , , 
,MiddleMouth,6/28/18,39,8,1,2,2,2,741,805,64,4,8.5,,26459,500,DM,,1,3,,1,3,,,,,,,,1,3,,, , , 
,MiddleMouth,6/28/18,39,9,2,2,2,2,865,923,58,4,8.5,,26459,273,DM,,1,5,,1,5,,,,,,,,1,4,,, ,N, 
,MiddleMouth,6/28/18,39,10,2,2,2,2,827,886,59,4,8.5,,26459,274,DM,,1,3,,1,3,,,,,,,,1,3,,, , , 
,MiddleMouth,6/28/18,40,1,2,2,2,2,804,859,55,4,8.5,,26452,275,DM,,1,3,,1,3,,,,,,,,1,4,,, ,N, 
,MiddleMouth,6/28/18,40,2,2,2,2,2,858,911,53,4,8.5,,26452,276,DM,,1,4,,1,4,,,,,,,,1,4,,, , , 
,MiddleMouth,6/28/18,40,3,1,1,1,2,792,860,68,4,8.5,,26452,277,DM,,1,3,,1,3,,,,,,,,1,3,,, , , 
,MiddleMouth,6/28/18,40,4,1,1,1,2,633,683,50,4,8.5,,26452,278,DM,,1,3,,1,3,,,,,,,,1,3,,, , , 
,MiddleMouth,6/29/18,41,1,2,2,2,2,851,909,58,4,8.5,,26439,279,MS,,1,5,,1,5,,,,,,,,1,5,,, , , 
,MiddleMouth,6/29/18,41,2,1,2,2,2,888,945,57,4,8.5,,26439,280,MS,,1,4,,1,4,,,,,,,,1,4,,, , , 
,MiddleMouth,6/29/18,41,3,2,2,2,2,828,888,60,4,8.5,,26439,281,MS,,1,4,,1,4,,,,,,,,1,4,,, , , 
,MiddleMouth,6/29/18,41,4,1,2,2,2,830,886,56,4,8.5,,26439,282,DM,,1,4,,1,5,,,,,,,,1,5,,, ,N, 
,MiddleMouth,6/29/18,41,5,2,2,2,2,862,922,60,4,8.5,,26439,283,DM,,1,4,,1,4,,,,,,,,1,4,,, , , 
,MiddleMouth,6/29/18,41,6,1,1,1,2,744,803,59,4,8.5,,26439,284,DM,,1,3,,1,3,,,,,,,,1,3,,, , , 
,MiddleMouth,6/30/18,42,1,2,2,2,2,886,948,62,4,8.5,Confirmed vial 285 was not recorded,26441,286,HU,,1,4,,1,4,,,,,,,,1,4,,, , , 
,MiddleMouth,6/30/18,42,2,2,2,2,2,866,930,64,4,8.5,,26441,287,HU,,1,4,,1,4,,,,,,,,1,4,,, , , 
,MiddleMouth,6/30/18,42,3,2,2,2,2,950,1039,89,4,8.5,,26441,288,HU,,1,4,,1,4,,,,,,,,1,4,,, , , 
,MiddleMouth,6/30/18,42,4,2,2,2,2,892,1004,112,4,8.5,Confirmed lengths with written record,26441,289,HU,,,4,9,,4,9,,,,,,,1,4,,,N, ,N
,MiddleMouth,6/30/18,42,5,1,1,1,2,755,816,61,4,8.5,,26441,290,HU,,1,3,,1,3,,,,,,,,1,3,,, , , 
,MiddleMouth,6/30/18,42,6,1,2,2,2,695,757,62,4,8.5,,26441,291,HU,,,3,9,,3,9,,,,,,,,3,9,, , , 
,MiddleMouth,6/30/18,42,7,2,2,2,2,815,878,63,4,8.5,,26441,292,MS,,1,4,,1,4,,,,,,,,1,4,,, , , 
,MiddleMouth,6/30/18,42,8,2,2,2,2,837,909,72,4,8.5,,26441,293,MS,,1,4,,1,4,,,,,,,,1,4,,, , , 
,MiddleMouth,6/30/18,42,9,2,2,2,2,821,888,67,4,8.5,,26441,294,MS,,1,4,,1,4,,,,,,,,1,4,,, , , 
,MiddleMouth,6/30/18,42,10,2,2,2,2,875,929,54,4,8.5,,26441,295,MS,,1,4,,1,4,,,,,,,,1,4,,, , , 
,MiddleMouth,6/30/18,43,1,2,1,1,2,628,675,47,4,8.5,,26438,296,MS,,1,3,,1,3,,,,,,,,1,3,,, , , 
,MiddleMouth,6/30/18,43,2,2,2,2,2,842,902,60,4,8.5,,26438,297,MS,,1,4,,1,4,,,,,,,,1,4,,, , , 
,MiddleMouth,6/30/18,43,3,1,2,2,2,901,971,70,4,8.5,,26438,298,MS,,1,4,,1,4,,,,,,,,1,4,,, , , 
,MiddleMouth,6/30/18,43,4,1,2,2,2,823,889,66,4,8.5,,26438,299,MS,,1,4,,1,4,,,,,,,,1,4,,, , , 
,MiddleMouth,6/30/18,43,5,2,2,2,2,816,886,70,4,8.5,,26438,300,MS,,1,3,,1,3,,,,,,,,1,3,,, , , 
,MiddleMouth,6/30/18,43,6,2,2,2,2,832,890,58,4,8.5,Completed Otolith and Genetic samples,,,MS,,1,4,,1,4,,,,,,,,1,4,,, , , 
,MiddleMouth,6/30/18,43,7,1,1,1,2,918,1005,87,4,8.5,,,,MS,,1,4,,1,4,,,,,,,,1,4,,, , , 
,MiddleMouth,6/30/18,43,8,2,2,2,2,830,890,60,4,8.5,,,,MS,,1,4,,1,4,,,,,,,,1,4,,, , , 
,MiddleMouth,6/30/18,43,9,1,2,2,2,682,732,50,4,8.5,,,,MS,,1,3,,1,3,,,,,,,,1,3,,, , , 
,MiddleMouth,7/1/18,44,1,1,1,1,2,840,930,90,4,8.5,,,,MS,,1,3,,1,3,,,,,,,,1,3,,, , , 
,MiddleMouth,7/1/18,44,2,2,2,2,2,852,928,76,4,8.5,,,,MS,,1,3,,1,3,,,,,,,,1,3,,, , , 
,MiddleMouth,7/1/18,44,3,2,2,2,2,860,927,67,4,8.5,,,,MS,,,4,9,,4,9,,,,,,,,4,9,, , , 
,MiddleMouth,7/1/18,44,4,2,2,2,2,815,873,58,4,8.5,,,,MS,,1,3,,1,3,,,,,,,,1,3,,, , , 
,MiddleMouth,7/1/18,44,5,2,2,2,2,805,855,50,4,8.5,,,,MS,,1,3,,1,3,,,,,,,,1,3,,, , , 
,MiddleMouth,7/1/18,44,6,2,2,2,2,805,862,57,4,8.5,,,,MS,,1,4,,1,4,,,,,,,,1,4,,, , , 
,MiddleMouth,7/1/18,44,7,1,1,1,2,541,580,39,4,8.5,,,,MS,,1,2,,1,2,,,,,,,,1,2,,, , , 
,MiddleMouth,7/1/18,44,8,2,2,2,2,814,873,59,4,8.5,,,,MS,,1,4,,2,4,,,,,,,,1,4,,, , , 
,MiddleMouth,7/1/18,44,9,1,1,1,2,684,737,53,4,8.5,,,,MS,,1,3,,1,3,,,,,,,,1,3,,, , , 
,MiddleMouth,7/1/18,44,10,2,2,2,2,821,884,63,4,8.5,,,,MS,,1,4,,1,4,,,,,,,,1,4,,, , , 
,MiddleMouth,7/1/18,45,1,1,1,1,2,633,690,57,4,8.5,,,,MS,,1,3,,1,3,,,,,,,,1,3,,, , , 
,MiddleMouth,7/1/18,45,2,2,2,2,2,833,895,62,4,8.5,,,,MS,,1,4,,1,4,,,,,,,,1,4,,, , , 
,MiddleMouth,7/1/18,45,3,2,1,1,2,626,670,44,4,8.5,,,,RW,,1,2,,1,2,,,,,,,,1,2,,, , , 
,MiddleMouth,7/1/18,45,4,2,2,2,2,765,819,54,4,8.5,,,,RW,,1,3,,1,3,,,,,,,,1,3,,, , , 
,MiddleMouth,7/1/18,45,5,2,2,2,2,888,944,56,4,8.5,,,,RW,,1,4,,1,4,,,,,,,,1,4,,, , , 
,MiddleMouth,7/1/18,45,6,1,1,1,2,780,854,74,4,8.5,,,,RW,,1,3,,1,3,,,,,,,,1,3,,, , , 
,MiddleMouth,7/1/18,45,7,2,2,2,2,800,851,51,4,8.5,,,,RW,,1,3,,1,3,,,,,,,,1,4,,, ,N, 
,MiddleMouth,7/1/18,45,8,2,1,1,2,619,666,47,4,8.5,,,,RW,,1,2,,1,2,,,,,,,,1,2,,, , , 
,MiddleMouth,7/1/18,45,9,2,1,1,2,599,647,48,4,8.5,,,,RW,,1,2,,1,2,,,,,,,,1,2,,, , , 
,MiddleMouth,7/1/18,45,10,1,1,1,2,731,792,61,4,8.5,,,,RW,,1,3,,1,3,,,,,,,,1,3,,, , , 
,MiddleMouth,7/1/18,46,1,2,2,2,2,851,910,59,4,8.5,,,,RW,,1,4,,1,4,,,,,,,,1,4,,, , , 
,MiddleMouth,7/1/18,46,2,2,1,1,2,745,800,55,4,8.5,,,,RW,,,,3,,,3,,,,,,,,,3,, , , 
,MiddleMouth,7/1/18,46,3,1,1,1,2,656,708,52,4,8.5,,,,RW,,1,3,,1,3,,,,,,,,1,3,,, , , 
,MiddleMouth,7/1/18,46,4,2,1,1,2,671,725,54,4,8.5,,,,RW,,1,3,,1,3,,,,,,,,1,3,,, , , 
,MiddleMouth,7/2/18,47,1,1,1,1,2,651,701,50,4,8.5,,,,HU,,1,4,,1,3,,,,,,,,1,3,,, ,N, 
,MiddleMouth,7/2/18,47,2,1,1,1,2,639,692,53,4,8.5,,,,HU,,1,3,,,,4,,,,,,,,,4,,N,N,N
,MiddleMouth,7/2/18,47,3,2,2,2,2,855,907,52,4,8.5,,,,HU,,1,4,,1,4,,,,,,,,1,4,,, , , 
,MiddleMouth,7/2/18,47,4,2,2,2,2,720,767,47,4,8.5,,,,HU,,1,3,,1,3,,,,,,,,1,3,,, , , 
,MiddleMouth,7/2/18,47,5,1,1,1,2,694,751,57,4,8.5,,,,HU,,1,3,,1,3,,,,,,,,1,3,,, , , 
,MiddleMouth,7/2/18,47,6,1,1,1,2,732,796,64,4,8.5,,,,HU,,,3,9,,3,9,,,,,,,1,3,,,N, ,N
,MiddleMouth,7/2/18,47,7,2,2,2,2,884,945,61,4,8.5,,,,HU,,1,4,,1,4,,,,,,,,1,4,,, , , 
,MiddleMouth,7/2/18,47,8,1,1,1,2,798,874,76,4,8.5,,,,HU,,1,3,,1,3,,,,,,,,1,3,,, , , 
,MiddleMouth,7/2/18,47,9,1,2,2,2,808,869,61,4,8.5,,,,HU,,1,4,,1,4,,,,,,,,1,4,,, , , 
,MiddleMouth,7/2/18,47,10,2,1,1,2,835,901,66,4,8.5,,,,HU,,,4,9,,4,9,,,,,,,,4,9,, , , 
,MiddleMouth,7/2/18,48,1,1,1,1,2,687,743,56,4,8.5,,,,HU,,1,3,,1,3,,,,,,,,1,3,,, , , 
,MiddleMouth,7/2/18,48,2,2,2,2,2,796,850,54,4,8.5,,,,HU,,1,4,,,,4,,,,,,,1,3,,, ,N, 
,MiddleMouth,7/2/18,48,3,2,2,2,2,919,994,75,4,8.5,,,,HU,,1,4,,1,4,,,,,,,,1,4,,, , , 
,MiddleMouth,7/2/18,48,4,1,2,2,2,892,954,62,4,8.5,,,,HU,,1,4,,1,4,,,,,,,,1,4,,, , , 
,MiddleMouth,7/2/18,48,5,1,2,2,2,914,978,64,4,8.5,,,,HU,,1,4,,1,4,,,,,,,,1,4,,, , , 
,MiddleMouth,7/2/18,48,6,1,1,1,2,772,831,59,4,8.5,,,,HU,,1,3,,1,3,,,,,,,,1,4,,, ,N, 
,MiddleMouth,7/2/18,48,7,2,2,2,2,832,893,61,4,8.5,,,,HU,,1,4,,1,4,,,,,,,,1,4,,, , , 
,MiddleMouth,7/2/18,48,8,2,2,2,2,798,844,46,4,8.5,,,,HU,,,3,9,,3,9,,,,,,,1,4,,,N,N,N
,MiddleMouth,7/2/18,48,9,1,1,1,2,590,634,44,4,8.5,,,,HU,,1,2,,1,2,,,,,,,,1,2,,, , , 
,MiddleMouth,7/2/18,48,10,2,2,2,2,748,800,52,4,8.5,,,,HU,,1,3,,1,3,,,,,,,,1,3,,, , , 
,MiddleMouth,7/2/18,49,1,1,1,1,2,883,955,72,4,8.5,,,,HU,,1,3,,1,3,,,,,,,,1,3,,, , , 
,MiddleMouth,7/2/18,49,2,1,2,2,2,817,881,64,4,8.5,,,,HU,,1,4,,1,4,,,,,,,,1,4,,, , , 
,MiddleMouth,7/2/18,49,3,1,1,1,2,649,702,53,4,8.5,,,,HU,,1,3,,1,3,,,,,,,,1,3,,, , , 
,MiddleMouth,7/2/18,49,4,1,1,1,2,683,738,55,4,8.5,,,,HU,,1,3,,1,3,,,,,,,,1,3,,, , , 
,MiddleMouth,7/2/18,49,5,1,1,1,2,879,956,77,4,8.5,,,,HU,,1,3,,1,3,,,,,,,,1,3,,, , , 
,MiddleMouth,7/2/18,49,6,2,2,2,2,766,821,55,4,8.5,,,,HU,,1,3,,1,3,,,,,,,,1,3,,, , , 
,MiddleMouth,7/2/18,49,7,2,2,2,2,760,809,49,4,8.5,,,,HU,,1,4,,,,4,,,,,,,1,3,,, ,N, 
,MiddleMouth,7/2/18,49,8,2,2,2,2,788,837,49,4,8.5,,,,HU,,1,3,,1,3,,,,,,,,1,3,,, , , 
,MiddleMouth,7/2/18,49,9,1,1,1,2,602,653,51,4,8.5,,,,HU,,1,2,,1,2,,,,,,,,1,2,,, , , 
,MiddleMouth,7/2/18,49,10,1,1,1,2,713,774,61,4,8.5,,,,HU,,1,3,,1,3,,,,,,,,1,3,,, , , 
,MiddleMouth,7/3/18,50,1,2,1,1,2,709,764,55,4,8.5,,,,DM,,1,3,,1,3,,,,,,,,1,3,,, , , 
,MiddleMouth,7/3/18,50,2,1,1,1,2,746,806,60,4,8.5,,,,DM,,1,3,,1,3,,,,,,,,1,3,,, , , 
,MiddleMouth,7/3/18,50,3,1,1,1,2,653,704,51,4,8.5,,,,DM,,,,3,,,3,,,,,,,,,3,, , , 
,MiddleMouth,7/3/18,50,4,1,2,2,2,801,857,56,4,8.5,,,,DM,,1,4,,1,4,,,,,,,,1,4,,, , , 
,MiddleMouth,7/3/18,50,5,2,2,2,2,849,908,59,4,8.5,,,,DM,,1,4,,1,4,,,,,,,,1,4,,, , , 
,MiddleMouth,7/3/18,50,6,1,2,2,2,705,761,56,4,8.5,,,,DM,,1,3,,1,3,,,,,,,,1,3,,, , , 
,MiddleMouth,7/3/18,50,7,2,2,2,2,796,854,58,4,8.5,,,,DM,,1,4,,1,4,,,,,,,,1,4,,, , , 
,MiddleMouth,7/3/18,50,8,2,2,2,2,813,877,64,4,8.5,,,,DM,,1,4,,1,4,,,,,,,,1,4,,, , , 
,MiddleMouth,7/3/18,50,9,1,1,1,2,675,731,56,4,8.5,,,,DM,,1,3,,1,3,,,,,,,,1,3,,, , , 
,MiddleMouth,7/3/18,50,10,2,2,2,2,777,817,40,4,8.5,,,,DM,,1,3,,1,3,,,,,,,,1,3,,, , , 
,MiddleMouth,7/3/18,51,1,2,1,1,2,684,732,48,4,8.5,,,,RW,,1,3,,1,3,,,,,,,,1,3,,, , , 
,MiddleMouth,7/3/18,51,2,2,2,2,2,883,945,62,4,8.5,,,,RW,,1,4,,1,4,,,,,,,,1,4,,, , , 
,MiddleMouth,7/3/18,51,3,2,2,2,2,822,883,61,4,8.5,,,,RW,,1,4,,1,4,,,,,,,,1,4,,, , , 
,MiddleMouth,7/3/18,51,4,1,1,1,2,803,868,65,4,8.5,,,,RW,,1,4,,1,4,,,,,,,,1,4,,, , , 
,MiddleMouth,7/3/18,51,5,2,1,1,2,584,630,46,4,8.5,,,,RW,,1,2,,1,2,,,,,,,,1,2,,, , , 
,MiddleMouth,7/3/18,51,6,1,1,1,2,720,787,67,4,8.5,,,,RW,,1,3,,1,3,,,,,,,,1,3,,, , , 
,MiddleMouth,7/3/18,51,7,2,1,1,2,622,673,51,4,8.5,,,,RW,,1,3,,1,3,,,,,,,,1,3,,, , , 
,MiddleMouth,7/3/18,51,8,2,1,1,2,802,872,70,4,8.5,,,,RW,,1,3,,1,3,,,,,,,,1,4,,, ,N, 
,MiddleMouth,7/3/18,51,9,1,1,1,2,790,867,77,4,8.5,,,,RW,,1,3,,1,3,,,,,,,,1,3,,, , , 
,MiddleMouth,7/3/18,51,10,2,1,1,2,815,890,75,4,8.5,,,,RW,,1,4,,1,4,,,,,,,,1,4,,, , , 
,MiddleMouth,7/3/18,52,1,2,2,2,2,829,891,62,4,8.5,,,,RW,,1,4,,1,4,,,,,,,,1,4,,, , , 
,MiddleMouth,7/3/18,52,2,1,1,1,2,631,682,51,4,8.5,,,,RW,,1,3,,1,3,,,,,,,,1,3,,, , , 
,MiddleMouth,7/3/18,52,3,1,1,1,2,630,680,50,4,8.5,,,,RW,,1,3,,1,3,,,,,,,,1,3,,, , , 
,MiddleMouth,7/3/18,52,4,2,2,2,2,817,871,54,4,8.5,,,,RW,,1,4,,1,4,,,,,,,,1,4,,, , , 
,MiddleMouth,7/3/18,52,5,1,1,1,2,689,724,35,4,8.5,,,,RW,,1,3,,1,3,,,,,,,,1,3,,, , , 
,MiddleMouth,7/3/18,52,6,1,1,1,2,518,564,46,4,8.5,,,,RW,,1,2,,1,2,,,,,,,,1,2,,, , , 
,MiddleMouth,7/3/18,52,7,2,2,2,2,790,842,52,4,8.5,,,,RW,,1,3,,1,3,,,,,,,,1,3,,, , , 
,MiddleMouth,7/3/18,52,8,2,2,2,2,878,942,64,4,8.5,,,,RW,,1,4,,1,4,,,,,,,,1,4,,, , , 
,MiddleMouth,7/3/18,52,9,1,1,1,2,872,947,75,4,8.5,,,,RW,,1,4,,1,4,,,,,,,,1,4,,, , , 
,MiddleMouth,7/3/18,52,10,2,2,2,2,803,857,54,4,8.5,,,,RW,,1,4,,1,4,,,,,,,,1,4,,, , , 
,MiddleMouth,7/4/18,53,1,1,1,1,2,755,816,61,4,8.5,,,,MS,,1,3,,1,3,,,,,,,,1,4,,, ,N, 
,MiddleMouth,7/4/18,53,2,2,2,2,2,903,958,55,4,8.5,,,,MS,,1,4,,1,4,,,,,,,,1,4,,, , , 
,MiddleMouth,7/4/18,53,3,2,2,2,2,829,872,43,4,8.5,,,,MS,,1,4,,1,4,,,,,,,,1,4,,, , , 
,MiddleMouth,7/4/18,53,4,1,1,1,2,794,867,73,4,8.5,,,,MS,,1,3,,1,3,,,,,,,,1,3,,, , , 
,MiddleMouth,7/4/18,53,5,1,1,1,2,564,613,49,4,8.5,,,,MS,,1,2,,1,2,,,,,,,,1,2,,, , , 
,MiddleMouth,7/4/18,53,6,2,2,2,2,842,912,70,4,8.5,,,,MS,,1,3,,1,3,,,,,,,,1,3,,, , , 
,MiddleMouth,7/4/18,53,7,2,2,2,2,830,893,63,4,8.5,,,,MS,,1,4,,1,4,,,,,,,,1,4,,, , , 
,MiddleMouth,7/4/18,53,8,2,2,2,2,847,900,53,4,8.5,,,,RW,,1,4,,1,4,,,,,,,,1,4,,, , , 
,MiddleMouth,7/4/18,53,9,2,1,1,2,643,695,52,4,8.5,,,,RW,,1,3,,1,3,,,,,,,,1,3,,, , , 
,MiddleMouth,7/5/18,54,1,1,1,1,2,528,561,33,4,8.5,,,,MS,,1,2,,1,2,,,,,,,,,,,,,,
,MiddleMouth,7/5/18,54,2,1,1,1,2,510,551,41,4,8.5,,,,MS,,1,2,,1,2,,,,,,,,,,,,,,
,MiddleMouth,7/5/18,54,3,2,2,2,2,899,954,55,4,8.5,,,,MS,,1,4,,1,4,,,,,,,,,,,,,,
,MiddleMouth,7/5/18,54,4,1,1,1,2,790,851,61,4,8.5,,,,MS,,1,4,,1,4,,,,,,,,,,,,,,
,MiddleMouth,7/5/18,54,5,1,1,1,2,649,700,51,4,8.5,,,,MS,,1,3,,1,3,,,,,,,,,,,,,,
,MiddleMouth,7/5/18,54,6,2,2,2,2,827,885,58,4,8.5,,,,RW,,1,4,,1,4,,,,,,,,,,,,,,
,MiddleMouth,7/5/18,54,7,2,2,2,2,814,866,52,4,8.5,,,,RW,,1,4,,1,4,,,,,,,,,,,,,,
,MiddleMouth,7/5/18,54,8,2,2,2,2,775,828,53,4,8.5,,,,RW,,1,3,,1,3,,,,,,,,,,,,,,
,MiddleMouth,7/6/18,55,1,1,1,1,2,654,702,48,4,8.5,,,,RW,,1,3,,1,3,,,,,,,,,,,,,,
,MiddleMouth,7/6/18,55,2,2,2,2,2,835,894,59,4,8.5,,,,RW,,1,4,,1,4,,,,,,,,,,,,,,
,MiddleMouth,7/6/18,55,3,2,2,2,2,774,833,59,4,8.5,,,,RW,,1,3,,1,3,,,,,,,,,,,,,,
,MiddleMouth,7/6/18,55,4,1,1,1,2,780,848,68,4,8.5,,,,RW,,1,3,,1,3,,,,,,,,,,,,,,
,MiddleMouth,7/6/18,55,5,2,2,2,2,813,870,57,4,8.5,,,,RW,,1,4,,1,4,,,,,,,,,,,,,,
,MiddleMouth,7/6/18,55,6,1,1,1,2,730,789,59,4,8.5,,,,RW,,1,3,,1,3,,,,,,,,,,,,,,
,MiddleMouth,7/6/18,55,7,1,1,1,2,552,580,28,4,8.5,,,,HU,,1,2,,1,2,,,,,,,,,,,,,,
,MiddleMouth,7/6/18,55,8,2,2,2,2,859,922,63,4,8.5,,,,HU,,1,3,,1,3,,,,,,,,,,,,,,
,MiddleMouth,7/7/18,56,1,2,2,2,2,881,942,61,4,8.5,,,,MS,,1,4,,1,4,,,,,,,,,,,,,,
,MiddleMouth,7/8/18,57,1,1,1,1,2,724,785,61,4,8.5,,,,RW,,1,3,,1,3,,,,,,,,,,,,,,
,MiddleMouth,7/8/18,57,2,2,2,2,2,791,850,59,4,8.5,,,,RW,,,4,9,,4,9,,,,,,,,,,,,,
,MiddleMouth,7/8/18,57,3,1,1,1,2,517,558,41,4,8.5,,,,MS,,1,2,,1,2,,,,,,,,,,,,,,
,MiddleMouth,7/10/18,58,1,2,2,2,2,866,935,69,4,8.5,,,,RW,,1,4,,1,4,,,,,,,,,,,,,,
,MiddleMouth,7/11/18,59,1,2,2,2,2,823,881,58,4,8.5,,,,RW,,1,3,,1,3,,,,,,,,,,,,,,
,MiddleMouth,7/12/18,60,1,2,2,2,2,898,957,59,4,8.5,,,,DM,,1,4,,1,4,,,,,,,,,,,,,,